GPL_CD,GPL_NM,GSS_CD,GSS_NM,GSS_ENTITY_CD,GSS_ENTITY_NM,REGION_CD,REGION_NM,AREALHECT,ALL_AGES,A_0,A_1,A_2,A_3,A_4,A_5,A_6,A_7,A_8,A_9,A_10,A_11,A_12,A_13,A_14,A_15,A_16,A_17,A_18,A_19,A_20,A_21,A_22,A_23,A_24,A_25,A_26,A_27,A_28,A_29,A_30,A_31,A_32,A_33,A_34,A_35,A_36,A_37,A_38,A_39,A_40,A_41,A_42,A_43,A_44,A_45,A_46,A_47,A_48,A_49,A_50,A_51,A_52,A_53,A_54,A_55,A_56,A_57,A_58,A_59,A_60,A_61,A_62,A_63,A_64,A_65,A_66,A_67,A_68,A_69,A_70,A_71,A_72,A_73,A_74,A_75,A_76,A_77,A_78,A_79,A_80,A_81,A_82,A_83,A_84,A_85,A_86,A_87,A_88,A_89,A_90_PLUS
GGL001,Aberdeen City,S12000033,Aberdeen City,S12,Council Area,S92000003,Scotland,18561.04,227560,2304,2331,2470,2357,2289,2360,2388,2339,2246,2184,2177,2033,1938,1899,1777,1741,1742,1843,2186,2961,3455,4011,3845,3728,3586,4090,4841,5017,4773,4721,4405,4280,4172,3997,3640,3823,3600,3505,3344,3114,2859,2768,2773,2713,2666,2851,2822,2908,2675,2834,2862,2836,2795,2983,2838,3010,2921,2673,2716,2669,2627,2533,2512,2382,2290,2120,2141,2029,2025,2168,2051,2299,1669,1379,1416,1425,1395,1211,1268,1169,1184,1085,1012,954,853,769,763,587,536,467,1557
GGL002,Aberdeenshire,S12000034,Aberdeenshire,S12,Council Area,S92000003,Scotland,631250.94,261470,2768,2777,2985,2958,3076,3005,3094,3302,3432,3383,3278,3117,3114,2945,2918,2881,2782,2779,2771,2539,2492,2375,2444,2664,2714,2620,2555,2640,2705,2729,2898,2960,3025,3193,3173,3290,3474,3522,3481,3367,3267,3332,3448,3381,3623,3819,3905,4107,3935,4147,3922,4140,4070,4148,4141,4116,3911,3778,3606,3532,3605,3420,3467,3308,3318,3056,3010,3046,3036,3165,3169,3396,2511,2247,2170,2083,1958,1696,1764,1597,1456,1349,1320,1147,1057,927,831,760,591,502,1955
GGL003,Angus council,S12000041,Angus,S12,Council Area,S92000003,Scotland,218159.2,116040,1005,1080,1099,1143,1225,1217,1245,1217,1255,1264,1316,1203,1210,1268,1260,1246,1201,1305,1245,1138,1149,1246,1202,1192,1302,1237,1195,1211,1085,1148,1247,1239,1277,1197,1230,1305,1402,1282,1338,1308,1219,1196,1280,1279,1380,1557,1547,1584,1610,1759,1641,1755,1768,1831,1792,1844,1878,1701,1765,1693,1587,1598,1545,1484,1525,1602,1436,1535,1556,1619,1709,1832,1293,1264,1269,1170,1052,955,990,853,869,811,729,683,600,517,526,473,396,298,1251
GGL004,Antrim And Newtownabbey,N09000001,Antrim and Newtownabbey,N09,Local Government District,N92000002,Northern Ireland,57116.3,142492,1652,1689,1834,1791,1824,1916,1985,1950,1986,2084,2067,1892,1842,1811,1786,1678,1712,1695,1750,1797,1610,1607,1668,1720,1709,1733,1749,1863,1690,1792,1775,1829,1876,1867,1871,1834,1843,1962,1957,1877,1796,1820,1851,1862,1845,1949,2008,1980,2004,2039,2020,1998,2008,2091,2078,1988,1872,1852,1741,1730,1712,1595,1537,1472,1436,1416,1332,1390,1341,1355,1324,1284,1231,1179,1147,1150,943,853,821,863,760,713,611,589,525,442,412,353,297,293,1011
GGL005,Ards And North Down,N09000011,Ards and North Down,N09,Local Government District,N92000002,Northern Ireland,56647.32,160864,1508,1653,1843,1777,1869,1872,1953,2014,1970,2019,2081,2045,1917,1888,1924,1806,1769,1742,1826,1644,1535,1516,1492,1589,1630,1703,1742,1843,1838,1840,1916,1854,1865,1811,1904,1929,1901,1977,2034,1981,1894,1822,1899,1992,2018,2148,2197,2291,2274,2363,2395,2350,2290,2351,2375,2376,2291,2283,2222,2131,2171,2118,1992,1901,1945,1943,1913,1946,1948,2014,2099,2010,1892,1846,1704,1640,1387,1151,1070,1057,1008,916,799,756,664,629,586,501,398,410,1468
GGL006,Argyll and Bute Council,S12000035,Argyll and Bute,S12,Council Area,S92000003,Scotland,690728.7,86260,645,708,721,754,782,772,857,857,868,902,890,829,865,863,890,821,842,876,886,940,1002,976,979,935,940,910,828,837,805,793,723,754,752,792,803,770,813,899,900,869,872,904,910,940,934,1052,1130,1140,1210,1212,1312,1390,1340,1453,1400,1464,1394,1421,1384,1338,1325,1319,1330,1239,1239,1210,1245,1312,1241,1343,1320,1461,1081,1061,1050,954,863,803,809,751,707,664,567,570,454,411,406,355,289,225,808
GGL007,Armagh City and Banbridge And Craigavon,N09000002,"Armagh City, Banbridge and Craigavon",N09,Local Government District,N92000002,Northern Ireland,133810.86,214090,2907,2953,3117,3038,3087,3163,3252,3235,3108,3160,3163,3064,2906,2754,2695,2564,2585,2542,2622,2257,2112,2194,2347,2563,2661,2690,2791,2874,2894,2944,2970,2979,2953,2941,2936,2939,2866,2979,2957,2919,2714,2690,2748,2709,2806,2872,2956,2929,2969,2950,2995,2948,2911,3031,2975,2816,2749,2668,2615,2510,2429,2282,2209,2097,2020,1932,1866,1869,1956,1900,1865,1837,1695,1687,1626,1543,1378,1216,1137,1138,1046,993,884,825,685,631,539,478,425,371,1289
GGL008,Bath and North East Somerset,E06000022,Bath and North East Somerset,E06,Unitary Authority,E12000009,South West,34587.86,192106,1742,1793,1974,1892,2025,2075,2151,2115,2041,2120,2091,2152,2078,1917,1908,1949,1887,2036,2582,5151,5177,4416,4485,3723,3410,3396,3131,2988,2563,2629,2180,2002,2000,1997,1882,2089,1986,1911,2102,2039,1923,1882,1915,2070,2100,2342,2495,2435,2348,2411,2457,2507,2527,2539,2630,2440,2470,2295,2205,2117,2053,2121,2019,1866,1894,1912,1875,1851,1888,1973,2069,2235,1825,1761,1715,1532,1327,1262,1197,1251,1213,1143,1042,961,863,776,758,708,607,506,2010
GGL009,Bedford,E06000055,Bedford,E06,Unitary Authority,E12000006,East of England,47640.82,171623,2310,2227,2327,2287,2358,2365,2381,2295,2345,2320,2304,2134,2185,2027,2097,2060,2036,2030,2053,1613,1608,1729,1928,1699,1952,1892,1933,1855,2041,1913,2148,2047,2290,2192,2297,2251,2409,2485,2464,2394,2291,2117,2226,2266,2339,2281,2393,2430,2419,2496,2478,2575,2523,2418,2506,2365,2335,2161,2055,2120,1998,1919,1881,1801,1720,1657,1650,1628,1700,1734,1887,1825,1440,1376,1417,1277,1087,963,994,969,968,905,822,849,714,661,597,558,527,419,1605
GGL010,Belfast,N09000003,Belfast,N09,Local Government District,N92000002,Northern Ireland,13771.69,341877,4173,4425,4479,4470,4500,4455,4715,4514,4372,4431,4376,4105,3842,3703,3807,3656,3616,3775,3928,5992,6449,6304,5703,5142,5088,4936,5691,5663,5311,5007,5206,5373,5453,5274,4996,4895,4866,4756,4643,4446,4081,4056,4018,4016,4085,4040,4006,4163,4155,4151,4237,4444,4481,4462,4474,4328,4344,4324,4111,3888,3874,3719,3480,3205,3121,2956,2760,2716,2637,2570,2585,2569,2365,2356,2335,2259,2081,1746,1696,1770,1698,1644,1453,1345,1270,1197,1020,959,858,702,2531
GGL011,Blackburn with Darwen,E06000008,Blackburn with Darwen,E06,Unitary Authority,E12000002,North West,13702.21,148942,1998,2104,2194,2150,2130,2203,2325,2157,2220,2247,2257,2164,2116,2136,2014,2076,2035,1955,2023,1744,1659,1802,1903,1954,1931,1830,2035,1955,1949,1951,2044,1995,2140,2084,2049,2172,2221,2113,2024,1927,1811,1782,1738,1853,1989,1909,2048,2009,2036,2087,2137,1973,1920,1902,1866,1882,1852,1804,1759,1642,1542,1562,1488,1493,1329,1426,1327,1251,1326,1319,1353,1494,1047,957,949,893,818,680,730,771,710,606,609,471,434,419,348,331,260,238,776
GGL012,Blackpool,E06000009,Blackpool,E06,Unitary Authority,E12000002,North West,3487.09,139305,1627,1673,1668,1740,1657,1761,1772,1592,1610,1643,1617,1542,1466,1616,1522,1457,1472,1469,1600,1356,1450,1513,1670,1592,1723,1685,1893,1833,1754,1738,1698,1688,1687,1622,1639,1543,1451,1515,1578,1545,1377,1373,1477,1434,1602,1813,1887,2001,1942,2140,2121,2120,2184,2148,2236,2116,2135,1906,1870,1901,1843,1719,1796,1583,1502,1469,1466,1556,1518,1680,1701,1846,1474,1377,1282,1265,1079,1083,1028,983,930,866,820,706,620,581,557,437,401,335,1342
GGL013,Blaenau Gwent,W06000019,Blaenau Gwent,W06,Unitary Authority,W92000004,Wales,10872.79,69713,748,695,746,765,785,796,739,814,840,806,790,744,814,729,695,683,660,758,811,771,726,722,756,871,882,999,926,996,964,1033,936,948,928,884,810,807,830,808,893,833,718,700,747,745,844,843,939,1005,1044,1108,1065,1113,1085,1017,1029,1065,1051,928,936,945,849,891,811,739,823,790,774,783,801,869,816,934,695,679,669,656,614,502,517,474,407,424,397,331,270,296,211,190,181,129,523
GGL014,Borough of Halton,E06000006,Halton,E06,Unitary Authority,E12000002,North West,7908.39,128432,1451,1500,1554,1593,1578,1703,1654,1678,1773,1680,1726,1654,1722,1556,1490,1416,1418,1471,1473,1297,1186,1285,1463,1492,1590,1546,1590,1654,1564,1580,1677,1776,1602,1613,1719,1640,1663,1605,1569,1625,1387,1472,1543,1551,1516,1777,1835,1931,1759,1744,1726,1844,1752,1864,1747,1789,1941,1780,1667,1745,1687,1563,1663,1527,1540,1459,1502,1585,1481,1511,1565,1660,1148,975,1063,933,880,750,752,710,676,632,573,568,469,420,356,301,298,231,758
GGL015,Bracknell Forest,E06000036,Bracknell Forest,E06,Unitary Authority,E12000008,South East,10938.43,121676,1442,1422,1495,1498,1560,1601,1686,1723,1698,1764,1672,1637,1490,1479,1564,1546,1474,1585,1511,1188,1004,1062,1317,1388,1414,1441,1412,1448,1443,1656,1617,1728,1765,1720,1741,1815,1816,1880,2028,1855,1762,1658,1720,1700,1785,1838,1910,1876,1743,1827,1840,1953,1802,1799,1844,1728,1683,1637,1576,1437,1394,1337,1321,1196,1133,1114,1037,1098,999,982,1087,1122,908,885,790,695,601,518,593,551,599,507,476,448,393,339,315,262,230,217,826
GGL016,Bridgend County Borough,W06000013,Bridgend,W06,Unitary Authority,W92000004,Wales,25078.52,144876,1505,1552,1634,1571,1724,1674,1771,1820,1635,1594,1655,1626,1659,1594,1580,1515,1569,1693,1576,1289,1368,1488,1495,1578,1736,1610,1788,1887,1770,1910,1889,1790,1816,1864,1806,1750,1742,1933,2029,1779,1598,1605,1685,1760,1835,1923,2098,2157,2080,2071,2163,2150,2132,2167,2151,2101,2104,2052,1951,1887,1842,1742,1693,1632,1654,1724,1666,1681,1615,1739,1803,1877,1434,1407,1407,1330,1189,1161,1030,1020,959,889,754,732,622,566,549,464,365,316,1080
GGL017,Brighton and Hove,E06000043,Brighton and Hove,E06,Unitary Authority,E12000008,South East,8283.31,290395,2611,2749,2840,2846,2722,2932,3118,2861,2931,2871,2952,2909,2870,2710,2767,2687,2664,2965,3338,6111,7453,7501,6759,5822,5978,5749,5983,6267,5571,4791,4564,4296,4310,4131,3938,4184,4179,4178,3958,3964,3783,3674,3803,3579,3840,4179,4205,4112,3922,4131,4055,4103,4186,4049,3938,3673,3455,3074,3046,2728,2741,2513,2356,2361,2355,2155,2028,2087,2114,2164,2294,2416,1832,1683,1738,1607,1312,1262,1270,1209,1215,1128,1055,954,911,916,770,750,663,515,2456
GGL018,Buckinghamshire,E10000002,Buckinghamshire,E10,County,E12000008,South East,156494.91,540059,6048,6126,6590,6813,6827,7083,7445,7569,7457,7397,7410,7358,7043,6864,6787,6489,6457,6558,6362,4561,4139,4631,5317,5736,5587,5587,5662,5769,5883,6008,6016,5762,6224,6399,6310,6546,6937,7234,7280,7366,7052,7207,7108,7252,7534,7824,7851,8259,8031,7995,8205,8301,8118,8184,8160,7744,7461,7274,7025,6782,6513,6283,5857,5774,5591,5577,5236,5167,5367,5541,5784,6304,4819,4772,4747,4394,3876,3342,3579,3462,3332,3124,2994,2761,2370,2247,2101,1805,1582,1347,5407
GGL019,Caerphilly County Borough,W06000018,Caerphilly,W06,Unitary Authority,W92000004,Wales,27738.79,181019,1946,1969,2087,2096,2099,2101,2146,2210,2345,2241,2298,2155,2146,2035,2125,2080,1991,2035,2064,1795,1800,2031,2069,2173,2164,2289,2313,2376,2394,2333,2423,2289,2386,2422,2229,2354,2246,2392,2321,2198,2137,2056,2022,2027,2135,2383,2490,2535,2493,2746,2641,2617,2592,2663,2661,2491,2456,2463,2311,2262,2214,2255,2142,1958,2111,2095,1970,2037,2183,2103,2236,2251,1762,1745,1644,1510,1486,1249,1242,1207,1115,964,900,837,802,634,558,519,404,330,1209
GGL020,Cambridgeshire,E10000003,Cambridgeshire,E10,County,E12000006,East of England,304623.59,651482,6952,7135,7791,7626,7791,8021,8330,7980,7937,8093,7799,7596,7454,7187,7114,6951,6909,7053,7328,8721,8739,8927,8766,8568,8724,8181,8124,8194,7978,8068,8280,8047,7818,8002,7882,8024,8231,8552,8595,8588,7975,8001,8105,8229,8465,8840,9181,9476,9054,9197,9188,9386,9416,9343,9334,8964,8654,8338,7969,7726,7707,7235,7034,6927,6918,6688,6747,6660,6757,7105,7348,8031,6244,6029,5671,5331,4655,3954,4134,4040,3857,3625,3254,3056,2753,2471,2334,2176,1811,1691,6342
GGL021,Cardiff,W06000015,Cardiff,W06,Unitary Authority,W92000004,Wales,14089.79,364248,4050,4183,4474,4380,4418,4438,4640,4638,4369,4331,4314,4225,4085,3690,3604,3586,3559,3651,4314,7879,9275,9365,8446,7433,7785,7656,7133,6827,6103,6114,5454,5020,5396,5325,5168,5374,4659,4839,4724,4494,4076,4194,3993,4104,4138,4013,4086,4192,4234,4257,4076,4325,4214,4287,4322,4137,4145,4061,3788,3838,3638,3623,3279,3239,3232,3123,2967,2945,3018,2885,2940,3124,2276,2303,2186,2069,1834,1693,1695,1723,1686,1530,1481,1320,1241,1135,1033,895,834,699,2704
GGL022,Carmarthenshire,W06000010,Carmarthenshire,W06,Unitary Authority,W92000004,Wales,237027.62,187568,1834,1871,1957,1953,2000,2050,2198,2295,2228,2093,2249,2228,2125,2075,2014,2050,2055,2127,2046,1721,1684,1652,2002,1965,2008,1949,2097,2111,1984,2120,2218,2186,2055,1936,1961,1944,2028,2051,2056,1968,1922,1809,1962,2024,2069,2226,2376,2496,2445,2567,2597,2693,2797,2839,2913,2896,2896,2690,2633,2625,2688,2601,2536,2577,2536,2472,2493,2394,2473,2538,2725,2753,2233,2087,2113,2014,1814,1558,1521,1443,1339,1320,1133,1106,980,918,817,677,580,512,1998
GGL023,Causeway Coast and Glens,N09000004,Causeway Coast and Glens,N09,Local Government District,N92000002,Northern Ireland,198553.46,144246,1580,1649,1698,1822,1725,1799,1824,1879,1782,1871,1959,1850,1741,1752,1739,1702,1768,1796,1818,1855,1892,1866,1858,1791,1697,1738,1562,1669,1684,1643,1724,1788,1728,1722,1646,1647,1724,1788,1799,1706,1680,1695,1698,1720,1854,2009,2041,2039,2091,2104,2186,2117,2174,2221,2160,2001,1992,1978,1902,1868,1783,1729,1638,1604,1579,1578,1542,1469,1489,1524,1412,1426,1338,1338,1297,1236,1114,1012,933,894,809,750,687,591,533,536,478,404,354,302,1056
GGL024,Central Bedfordshire,E06000056,Central Bedfordshire,E06,Unitary Authority,E12000006,East of England,71566.57,283606,3291,3490,3595,3719,3656,3801,3795,3803,3580,3590,3613,3437,3462,3233,3135,3138,3009,3168,2924,2212,2100,2356,2716,2920,2996,3064,3196,3442,3613,3739,4030,3940,3898,3970,3721,3874,4005,3973,4111,3953,3579,3788,3662,3745,3718,3982,4107,4143,4014,4234,4171,4164,4414,4365,4173,4195,4084,3933,3649,3594,3493,3368,3109,3001,3051,2923,2799,2866,2938,2977,3130,3513,2546,2440,2534,2319,1849,1650,1635,1600,1558,1465,1454,1301,1087,935,905,835,683,520,2140
GGL025,Ceredigion,W06000008,Ceredigion,W06,Unitary Authority,W92000004,Wales,178551.05,72992,574,570,621,697,646,674,688,814,742,683,698,708,700,689,737,709,647,725,896,1724,1840,1606,1455,1175,1331,1267,1153,1013,780,521,426,481,448,571,507,597,597,603,636,628,552,649,675,639,646,674,809,876,870,915,929,960,960,1016,1028,1036,977,1000,1021,992,1024,981,1012,1027,952,978,984,1029,1039,1112,1128,1108,868,892,896,770,719,563,672,541,539,517,457,496,389,366,370,322,282,206,952
GGL026,Cheshire East,E06000049,Cheshire East,E06,Unitary Authority,E12000002,North West,116635.77,380790,3921,3935,4174,4117,4115,4348,4523,4490,4232,4441,4574,4488,4421,4291,4246,4070,4017,4120,4115,3091,2774,3213,3523,3672,3723,3878,4021,3752,3871,3821,3949,3568,4050,4117,4064,4156,4199,4380,4549,4427,4077,4255,4457,4746,4947,5238,5618,5845,5612,5981,6044,5973,6040,6068,6048,5993,5924,5762,5255,5160,5098,4767,4725,4569,4464,4538,4411,4702,4777,4889,5295,5735,4184,4171,4254,3790,3292,2993,3041,2879,2840,2571,2425,2205,1927,1754,1587,1534,1374,1085,4435
GGL027,Cheshire West and Chester,E06000050,Cheshire West and Chester,E06,Unitary Authority,E12000002,North West,92001.77,340502,3487,3661,3786,3721,3916,4056,4107,4031,3783,3775,4009,3886,3852,3762,3668,3548,3411,3595,3637,3823,4014,3921,3861,3827,3850,3881,4099,3826,3858,3670,3946,3565,3827,3954,3802,4021,3957,3929,4108,3940,3724,3536,3803,4140,4229,4546,4829,4842,4811,5087,5024,5037,5120,5132,5274,5237,5020,4933,4604,4407,4416,4352,4121,3896,4067,4026,3849,4039,4062,4168,4514,4795,3609,3548,3356,3096,2762,2632,2621,2460,2381,2218,2012,1804,1565,1453,1329,1269,1015,913,3449
GGL028,City of Bristol,E06000023,"Bristol, City of",E06,Unitary Authority,E12000009,South West,10969.99,463405,5728,5896,5875,5786,5709,5747,6020,5618,5535,5231,5311,5135,4783,4617,4438,4248,4090,4249,5027,8605,10439,10580,9986,9924,10091,10079,9973,10829,10320,9711,9193,8615,7873,7816,7545,7219,7024,6746,6697,6013,5628,5519,5365,5323,5128,5097,5250,5240,4999,5018,4890,5193,5145,5104,4901,4826,4742,4397,4156,4234,4143,3866,3709,3638,3623,3495,3296,3289,3343,3311,3500,3603,2752,2646,2582,2555,2218,1961,2070,2045,1860,1792,1633,1571,1371,1347,1313,1066,964,902,3465
GGL029,Clackmannanshire,S12000005,Clackmannanshire,S12,Council Area,S92000003,Scotland,15897.22,51400,515,544,542,569,516,603,627,569,548,553,630,577,555,552,561,519,555,591,591,552,540,549,576,623,612,612,590,549,573,491,594,578,602,614,517,569,584,600,625,583,610,563,627,637,602,727,765,792,755,863,812,921,785,799,850,831,798,789,741,757,663,698,634,642,662,633,600,628,669,653,670,698,499,522,493,469,412,376,313,318,311,298,254,235,175,139,172,118,140,99,333
GGL030,Conwy Principal Area,W06000003,Conwy,W06,Unitary Authority,W92000004,Wales,112584.09,117181,1042,1043,1095,1159,1128,1208,1260,1281,1278,1261,1245,1220,1250,1204,1215,1120,1149,1245,1274,931,890,980,1070,1102,1104,1121,1177,1219,1199,1212,1285,1162,1055,1084,1125,1132,1169,1231,1193,1135,1061,1066,1106,1149,1164,1341,1545,1625,1551,1648,1605,1660,1780,1833,1831,1779,1728,1711,1765,1785,1657,1626,1562,1484,1712,1616,1537,1651,1684,1784,1939,2012,1531,1477,1417,1379,1325,1148,1086,1094,998,947,938,856,802,741,631,574,567,475,1945
GGL031,Cornwall,E06000052,Cornwall,E06,Unitary Authority,E12000009,South West,354542.8,565968,5246,5367,5723,5922,6012,6345,6589,6508,6177,6234,6142,6282,6134,5903,5838,5644,5770,5974,6233,6255,6396,6431,6179,5697,5663,5699,5784,5632,5498,5389,5750,5435,5529,5718,5730,5663,5769,6311,6200,5962,5695,5771,5968,6204,6606,7086,7444,7872,7626,7895,7913,8369,8526,8276,8664,8482,8321,8150,8008,8041,8017,7989,7675,7367,7638,7632,7505,7673,7925,8344,8680,9654,7438,7089,6877,6248,5309,4622,4626,4441,4105,3998,3607,3443,2865,2749,2479,2275,1951,1654,6443
GGL032,County Durham,E06000047,County Durham,E06,Unitary Authority,E12000001,North East,222588.59,526980,4989,5252,5448,5547,5785,5939,5929,6223,6140,5758,6065,5839,5801,5556,5297,5265,5019,5188,5878,7784,8134,7565,7029,6591,6555,6694,7179,7057,6510,6021,5891,5786,6258,6221,5968,6314,6152,6050,6174,5880,5460,5241,5486,5658,5822,6469,6852,7486,7076,7536,7674,7868,7993,8091,8095,7852,7801,7395,7036,7277,7096,6930,6651,6520,6294,6393,6136,6254,6339,6515,6610,7296,5520,5412,5287,4540,4114,3800,3772,3644,3492,3312,2843,2659,2341,2063,1811,1741,1409,1149,4138
GGL033,Cumbria,E10000006,Cumbria,E10,County,E12000002,North West,676792.28,498888,4366,4763,4941,4921,5075,5114,5343,5331,5296,5362,5443,5327,5367,5184,5285,5088,5106,5188,5162,4528,4463,4764,4903,4884,5404,5280,5647,5473,5100,5208,5250,4969,5137,5293,5088,5391,5313,5431,5489,5144,4918,4858,5191,5355,5870,6167,6644,7386,7160,7594,7466,7864,7791,7980,8046,7897,7943,7555,7438,7536,7308,7033,6798,6484,6611,6659,6357,6703,6734,7064,7395,7834,5863,5551,5731,5215,4675,4257,4275,4075,4022,3578,3238,2850,2559,2462,2287,1977,1693,1429,5691
GGL034,Darlington,E06000005,Darlington,E06,Unitary Authority,E12000001,North East,19747.58,106566,1134,1104,1207,1216,1256,1314,1369,1284,1341,1342,1302,1284,1329,1225,1270,1203,1149,1125,1171,1008,935,966,1069,1189,1270,1090,1306,1332,1258,1281,1377,1308,1291,1280,1349,1256,1274,1381,1367,1359,1218,1174,1242,1305,1363,1344,1465,1540,1570,1476,1487,1549,1681,1621,1516,1615,1561,1519,1368,1422,1429,1282,1296,1172,1192,1217,1163,1162,1174,1244,1230,1407,1088,1052,963,832,800,738,758,809,730,664,613,594,494,489,407,342,301,259,1058
GGL035,Denbighshire,W06000004,Denbighshire,W06,Unitary Authority,W92000004,Wales,83677.04,95330,941,1001,1002,1050,1100,1098,1075,1181,1152,1117,1208,1100,1109,1077,1020,1040,1046,1096,979,845,809,815,941,912,1127,1104,1099,1165,1091,1114,1005,1007,979,879,920,865,889,907,1011,972,846,898,1017,1107,1077,1082,1291,1252,1285,1385,1346,1436,1386,1418,1513,1438,1442,1371,1394,1280,1267,1264,1236,1266,1226,1221,1228,1281,1340,1417,1479,1502,1151,1082,1152,1039,867,910,809,741,739,694,622,521,485,454,401,374,313,263,874
GGL036,Derby,E06000015,Derby,E06,Unitary Authority,E12000004,East Midlands,7803.11,257174,3169,3254,3324,3444,3483,3569,3642,3524,3606,3548,3619,3433,3157,3133,3136,2952,2918,2988,3091,3712,3949,4000,3606,3427,3511,3799,3766,3833,3856,3937,3634,3583,3669,3484,3497,3384,3302,3523,3230,3247,3002,2886,3023,3004,3133,3159,3259,3428,3353,3583,3453,3413,3497,3436,3432,3229,3230,2924,2850,2756,2670,2556,2506,2224,2353,2252,2203,2129,2215,2283,2428,2533,1898,1965,1967,1707,1551,1352,1474,1448,1485,1222,1288,1184,1091,960,839,824,727,598,2253
GGL037,Derbyshire,E10000007,Derbyshire,E10,County,E12000004,East Midlands,254675.56,796142,7585,7919,8155,8214,8335,8735,9103,9032,8998,8662,9103,8678,8874,8538,8501,8281,8172,8387,8623,7344,6840,7503,8298,8715,9069,8997,9430,9718,9342,9223,9142,9117,9135,9148,8866,9077,9049,9317,9424,9002,8310,8394,8939,9536,9915,10725,11731,12342,11895,12528,12611,13032,12924,12878,12589,12444,11868,11567,10996,11011,10736,10270,10103,9556,9908,9732,9393,9607,9815,10010,10662,11539,8805,8499,8767,7747,6638,5817,5766,5705,5327,4837,4426,4088,3610,3286,3136,2707,2310,1956,7498
GGL038,Derry And Strabane,N09000005,Derry City and Strabane,N09,Local Government District,N92000002,Northern Ireland,125124.15,150679,1958,1970,2128,2114,2100,2081,2247,2181,2147,2167,2135,1976,1938,1871,1865,1929,1965,1999,2024,2010,1985,1998,1996,1882,1793,1933,1942,1883,1977,2008,2019,2053,2031,2022,1933,1894,1850,1864,1917,1816,1824,1875,1816,1893,1908,2012,2149,2197,2181,2236,2232,2217,2228,2224,2111,2079,2044,1988,1814,1725,1698,1634,1558,1540,1518,1435,1379,1447,1439,1348,1312,1311,1193,1136,1128,969,868,836,734,758,689,648,566,511,440,415,347,304,216,208,740
GGL039,Devon,E10000008,Devon,E10,County,E12000009,South West,656379.89,795286,6781,7143,7639,7705,8046,8281,8742,8791,8719,8494,8674,8664,8443,8168,7869,7972,7735,8012,8367,9582,9413,9190,9000,8114,8361,8395,9104,9201,8892,8585,8737,8280,8017,7743,8170,8182,8195,8205,8593,8480,7854,7818,7967,8453,8638,9388,10034,10392,10585,11052,10960,11553,11546,11895,12067,11761,11667,11320,11094,11148,10974,10819,10406,10366,10574,10590,10403,10639,11009,11292,12116,13116,10206,9817,9535,8891,7735,6755,6706,6412,6157,5893,5359,4877,4449,4190,3903,3512,3195,2604,10910
GGL040,Dorset,J19000003,Dorset Ceremonial County,J19,Ceremonial County,E12000009,South West,265302.7,772268,6785,7183,7617,7654,7903,8068,8703,8488,8371,8347,8597,8302,7913,7856,7968,7921,7608,7976,8275,8808,9113,8915,8404,7768,7925,7783,7995,8241,8162,8034,8338,8484,8234,8497,8151,8302,8774,9371,9203,8883,8074,8211,8311,8835,8951,9273,9976,10439,10367,10450,10607,10984,11134,11221,11397,11131,11158,10612,10197,10170,10265,9970,9482,9402,9670,9537,9541,9839,10399,10242,11372,12640,9584,9171,9055,8420,7432,6346,6448,6401,6395,5796,5331,5142,4654,4341,4027,3756,3370,2832,10990
GGL041,Dumfries and Galloway,S12000006,Dumfries and Galloway,S12,Council Area,S92000003,Scotland,642570.85,148790,1248,1258,1303,1326,1353,1404,1445,1569,1577,1571,1588,1620,1568,1579,1504,1511,1418,1486,1404,1426,1528,1415,1475,1618,1574,1509,1450,1500,1475,1436,1566,1504,1432,1500,1504,1421,1516,1459,1467,1404,1369,1283,1487,1494,1607,1701,1907,2033,2047,2210,2212,2333,2313,2519,2498,2497,2432,2396,2302,2326,2295,2171,2198,2190,2180,2164,2149,2110,2204,2203,2221,2395,1849,1765,1781,1705,1559,1434,1374,1262,1171,1172,1099,908,876,819,682,582,515,423,1457
GGL042,Dundee City Council,S12000042,Dundee City,S12,Council Area,S92000003,Scotland,5983.09,148750,1460,1531,1488,1562,1469,1639,1703,1615,1473,1575,1506,1459,1377,1458,1357,1344,1340,1387,1831,2499,2881,2973,2717,2506,2501,2717,3089,3003,2902,2624,2532,2426,2126,2260,2075,1923,1990,1892,1681,1610,1502,1503,1537,1452,1392,1513,1638,1817,1719,1813,1845,1774,1898,2010,1907,1991,1992,1995,1907,1828,1857,1825,1587,1526,1434,1478,1391,1376,1428,1428,1520,1707,1216,1123,1092,1015,987,904,936,917,916,780,775,718,723,571,538,482,410,368,1188
GGL043,East Ayrshire Council,S12000008,East Ayrshire,S12,Council Area,S92000003,Scotland,126212.79,121840,1197,1222,1319,1349,1262,1348,1461,1436,1344,1377,1362,1328,1274,1283,1331,1226,1280,1272,1292,1260,1357,1332,1354,1444,1467,1405,1424,1473,1455,1466,1439,1478,1539,1405,1376,1387,1411,1428,1496,1400,1289,1228,1385,1463,1477,1622,1727,1815,1782,1917,1930,1955,1943,2054,1924,1892,1807,1843,1755,1761,1696,1683,1549,1523,1508,1563,1458,1438,1469,1465,1538,1685,1201,1205,1149,1077,913,883,860,820,766,749,618,588,524,456,402,325,279,234,888
GGL044,East Dunbartonshire Council,S12000045,East Dunbartonshire,S12,Council Area,S92000003,Scotland,17448.9,108330,990,1111,1089,1175,1254,1215,1179,1351,1255,1273,1250,1191,1241,1259,1232,1159,1178,1225,1185,1146,1144,1090,1231,1158,1223,1180,1217,1117,1060,1042,1045,965,1030,1038,1046,1076,1119,1188,1204,1254,1129,1184,1231,1234,1255,1390,1506,1604,1570,1577,1563,1696,1632,1768,1745,1720,1757,1688,1574,1688,1553,1568,1462,1430,1354,1383,1236,1291,1339,1331,1342,1469,1081,1085,1098,1042,868,859,888,879,832,843,683,683,632,533,509,405,380,294,1082
GGL045,East Lothian Council,S12000010,East Lothian,S12,Council Area,S92000003,Scotland,67917.98,105790,1017,1075,1199,1151,1209,1187,1314,1364,1240,1303,1359,1279,1278,1180,1177,1018,1098,1142,1129,1031,1067,1104,1150,1162,1209,1257,1345,1117,1064,1032,1116,1116,1177,1124,1105,1206,1258,1277,1184,1311,1185,1241,1321,1309,1358,1502,1509,1618,1578,1573,1684,1694,1579,1761,1641,1712,1625,1629,1551,1547,1453,1488,1354,1315,1262,1187,1210,1207,1199,1166,1330,1366,1044,959,1065,887,861,794,738,680,736,590,597,498,517,432,388,333,310,246,830
GGL046,East Renfrewshire Council,S12000011,East Renfrewshire,S12,Council Area,S92000003,Scotland,17424.95,95170,874,980,1066,1087,1178,1263,1301,1378,1310,1250,1320,1335,1274,1301,1246,1159,1158,1175,1131,1048,1060,1089,1045,991,1011,1011,929,863,883,918,907,820,853,825,925,890,1029,1088,1177,1154,1209,1154,1205,1178,1236,1352,1353,1395,1329,1445,1399,1477,1459,1391,1536,1402,1422,1335,1323,1340,1279,1248,1275,1153,1076,1076,1042,992,1004,1041,1077,1136,852,834,856,800,685,699,630,649,629,592,601,508,485,427,415,342,296,263,966
GGL047,East Riding of Yorkshire,E06000011,East Riding of Yorkshire,E06,Unitary Authority,E12000003,Yorkshire and the Humber,240382.58,339614,2830,3025,3103,3284,3330,3449,3738,3700,3624,3658,3883,3694,3632,3627,3624,3493,3539,3709,3620,3224,2649,2566,2887,3061,3086,3164,3194,2949,2894,3227,3211,3191,3181,3192,3283,3256,3311,3492,3564,3704,3488,3318,3709,4028,4127,4465,4756,4928,4890,5214,5177,5105,5345,5373,5450,5561,5357,5217,5007,4855,5030,4818,4782,4644,4637,4616,4656,4782,5087,5093,5477,6215,4511,4164,4036,3794,3292,2969,3071,2997,2862,2731,2385,2213,1935,1759,1607,1441,1193,1016,3583
GGL048,East Sussex,E10000011,East Sussex,E10,County,E12000008,South East,170863.14,554590,5005,5216,5452,5723,5710,5998,6212,6394,6339,6224,6269,6181,6242,5847,5942,5807,5703,6114,5864,5317,4910,5020,5238,5490,5467,5166,5346,5641,5362,5346,5463,5505,5344,5540,5447,5837,5979,5950,6025,5881,5426,5486,5801,6162,6398,6862,7321,7749,7537,7889,8031,8484,8440,8577,8619,8496,8126,7840,7654,7696,7435,7303,7266,6959,7156,7116,6973,7225,7465,7787,8613,9579,7198,6743,6651,6091,5451,4517,4699,4766,4512,4220,3944,3713,3269,3025,2859,2671,2316,2124,8834
GGL049,Edinburgh,S12000036,City of Edinburgh,S12,Council Area,S92000003,Scotland,26335.19,518500,4968,4941,5055,5105,5240,5291,5201,5584,5023,5235,5116,4708,4511,4295,4147,4081,4213,4152,5022,7028,8082,8655,9094,9185,9644,10034,11073,11848,11248,11246,10534,9824,9417,9376,8790,8731,8492,7852,7789,7461,6795,6698,6461,6497,6428,6394,6671,6655,6147,6364,6462,6513,6353,6512,6409,6497,6104,6065,5828,5677,5563,5393,5100,4774,4789,4620,4548,4379,4459,4492,4433,4969,3564,3344,3261,3090,2792,2618,2635,2557,2528,2327,2283,2089,1881,1735,1602,1546,1216,1039,4053
GGL050,Essex,E10000012,Essex,E10,County,E12000006,East of England,345857.86,1477764,16488,16788,17275,17624,17806,18234,18497,18079,18265,17944,18063,17251,17367,16670,16687,15982,15782,16370,16200,14626,14578,15075,16037,16393,17449,17115,17657,18149,17786,18134,18401,17685,17486,17768,17499,17517,17980,18484,18613,18142,17271,17370,17597,18560,18522,19472,20233,21160,20840,21480,21576,22099,21977,21623,21189,20936,20624,19900,18806,18280,18188,17343,16940,16254,16278,16262,15635,15808,16101,17095,18617,21023,15515,14632,14514,13292,11478,9816,10215,10254,9675,9085,8478,7762,6984,6368,5932,5359,4739,3849,14812
GGL051,Falkirk,S12000014,Falkirk,S12,Council Area,S92000003,Scotland,29736.55,160340,1532,1565,1644,1692,1742,1718,1893,1875,1900,1959,1881,1885,1776,1782,1702,1684,1617,1672,1734,1754,1791,1725,1768,1856,1786,1878,1903,1966,1865,1803,1988,1878,1953,2052,1948,1996,2142,2082,2082,2112,1988,1974,2074,2163,2203,2341,2502,2495,2466,2526,2590,2580,2535,2551,2529,2439,2407,2273,2209,2181,2134,2035,1949,1812,1797,1828,1712,1850,1815,1820,1840,2016,1431,1380,1357,1285,1143,1047,1066,1089,945,881,804,761,662,569,506,433,359,312,1095
GGL052,Fermanagh And Omagh,N09000006,Fermanagh and Omagh,N09,Local Government District,N92000002,Northern Ireland,286403.19,116835,1547,1534,1605,1552,1555,1565,1656,1646,1684,1662,1618,1616,1594,1496,1480,1546,1508,1532,1583,1188,1121,1138,1180,1320,1396,1348,1325,1361,1409,1497,1443,1527,1496,1465,1526,1498,1453,1554,1556,1525,1460,1420,1451,1486,1533,1578,1619,1628,1629,1594,1595,1541,1627,1643,1621,1637,1554,1494,1500,1481,1457,1411,1384,1333,1277,1278,1227,1185,1178,1190,1083,1127,967,943,938,843,763,692,646,620,594,585,495,427,419,375,340,311,264,222,865
GGL053,Fife,S12000047,Fife,S12,Council Area,S92000003,Scotland,132538.1,371910,3503,3629,3797,4027,4000,4093,4190,4427,4315,4347,4299,4063,4090,3973,3931,3789,3677,3938,4012,4881,4833,4960,4876,4626,4638,4471,4513,4398,4392,4419,4357,4178,4280,4176,4123,4298,4454,4462,4464,4421,4097,4066,4320,4373,4480,4780,5080,5351,5191,5530,5620,5673,5498,5692,5645,5541,5438,5260,5382,5198,5079,4864,4717,4567,4558,4375,4262,4395,4398,4533,4725,5185,3757,3621,3585,3280,3046,2573,2640,2506,2341,2213,2028,1803,1610,1485,1257,1083,988,868,3033
GGL054,Flintshire,W06000005,Flintshire,W06,Unitary Authority,W92000004,Wales,43972.41,155593,1581,1644,1679,1639,1746,1786,1859,1895,2012,1878,2011,1970,1812,1849,1741,1643,1701,1751,1682,1528,1355,1429,1552,1727,1684,1712,1887,2061,1864,1954,1976,1962,1800,1929,1782,1805,1791,1849,1845,1728,1724,1688,1707,1805,1839,2051,2279,2397,2332,2355,2255,2295,2304,2439,2419,2223,2232,2190,2031,2079,1913,1891,1816,1757,1821,1843,1801,1947,1909,1960,2109,2286,1610,1589,1602,1436,1300,1188,1128,1113,1051,971,802,754,650,557,565,446,409,365,1261
GGL055,Glasgow City,S12000049,Glasgow City,S12,Council Area,S92000003,Scotland,17462.13,626410,6574,6770,6740,6802,6760,6716,6918,6879,6104,6231,6055,5742,5562,5436,5333,5316,5323,5900,6693,8343,9464,10157,10730,11265,11780,13035,14663,14277,13510,13428,12834,12033,11684,11246,10433,10478,9898,9517,9182,8556,7707,7043,7390,7136,7048,7276,7690,7904,7907,8267,8345,8090,8233,8279,8360,8303,8259,7875,7419,7301,7011,6698,6559,6029,5649,5253,5052,4985,4813,4763,4821,5041,3803,3655,3617,3408,3136,2972,3007,2934,2785,2597,2343,2346,1967,1818,1683,1485,1249,947,3785
GGL056,Gloucestershire,E10000013,Gloucestershire,E10,County,E12000009,South West,265252.9,633558,6595,6621,7079,7060,7262,7308,7648,7509,7385,7357,7487,7193,7075,6782,7034,6834,6653,7254,7258,6850,6633,6841,6595,6760,6946,6673,6687,7252,7328,7424,7344,7074,7293,7335,7300,7448,7526,7786,7750,7725,7033,6744,7216,7614,7933,8391,8919,9075,8943,9394,9373,9766,9659,9620,9667,9326,9298,8967,8673,8423,8166,7799,7627,7519,7476,7488,7465,7194,7534,7733,7999,8594,6571,6346,6452,6054,5311,4558,4651,4675,4235,4021,3579,3441,3051,2830,2589,2229,2100,1711,6562
GGL057,Greater London,E12000007,London,E12,Region,E12000007,London,157203.06,8908081,122401,124264,125262,122645,121309,124273,127222,119508,115753,113099,113407,109260,105014,100163,96282,94933,92117,95109,94965,87644,90957,99669,112337,125144,135134,142317,150833,159031,163693,168487,173005,169514,171746,170479,164330,163156,160406,158417,154008,147344,137632,132483,128497,125195,122540,121503,120973,119741,117472,116452,115984,114667,113560,110855,109139,104706,99584,95682,92150,87348,83208,78772,75736,71697,68655,65643,62995,60959,60497,59492,59973,62407,50927,47014,45526,42886,38748,35088,36989,36042,34084,31577,29811,27406,24425,22417,20570,18476,16678,13852,54731
GGL058,Greater Manchester,E11000001,Greater Manchester,E11,Metropolitan County,E12000002,North West,127598.17,2812569,35114,36489,37417,37157,37515,37830,38711,38072,37387,36451,36925,35624,35128,33482,32263,31226,31138,31355,32440,34951,36269,38188,39003,39724,40402,41691,42989,44845,43733,42680,42701,41060,41209,41239,39969,39629,39267,38529,38327,36274,33857,32523,32837,33656,33709,35186,37535,38579,37444,38641,38048,38502,37876,38215,37431,35860,35654,33751,32234,31376,30511,29270,27582,26337,26214,26075,25056,24886,25790,25872,27563,29543,21500,20933,20793,19437,17325,15651,15736,15003,14438,13003,11977,10978,9411,8634,7974,6989,6248,5016,19507
GGL059,Gwynedd,W06000002,Gwynedd,W06,Unitary Authority,W92000004,Wales,253474.22,124178,1134,1136,1245,1181,1284,1292,1411,1365,1400,1436,1387,1423,1450,1287,1202,1218,1276,1294,1443,1965,2384,2460,2024,1890,2001,1880,1653,1679,1609,1552,1338,1355,1256,1249,1130,1201,1269,1262,1268,1216,1105,1074,1120,1192,1350,1457,1477,1550,1551,1534,1583,1616,1660,1699,1676,1702,1696,1690,1571,1587,1624,1583,1516,1407,1482,1507,1477,1468,1509,1629,1660,1757,1430,1319,1359,1291,1118,931,947,931,849,831,716,691,694,614,572,557,463,385,1466
GGL060,Hampshire,E10000014,Hampshire,E10,County,E12000008,South East,367835.29,1376316,13542,14403,15236,15395,15812,16274,17011,17081,16972,16516,16837,16415,16278,15720,15317,14769,14890,15534,15438,13787,12381,13073,13941,14358,14193,14083,14457,15083,15631,15598,16083,15726,15240,15575,15376,16083,16098,16625,17092,16675,15888,15893,16467,17624,17806,18959,19381,20229,19251,20290,20179,20519,20772,21299,21060,20831,19821,19487,18433,18187,17526,17098,16269,15538,15458,15427,14980,15208,15626,16546,17377,19479,14888,14401,13996,12828,11249,9812,10304,9946,9533,8953,8274,7570,6899,6382,5847,5353,4724,4006,15845
GGL061,Hartlepool,E06000001,Hartlepool,E06,Unitary Authority,E12000001,North East,9371.26,93242,999,1011,1101,1060,1126,1136,1200,1219,1218,1184,1182,1174,1148,1078,1018,1039,1003,1110,1104,936,928,1047,1091,1164,1192,1110,1305,1262,1126,1187,1259,1272,1201,1180,1121,1085,1133,1092,1071,1042,941,956,992,995,1004,1172,1171,1311,1274,1244,1268,1413,1394,1457,1368,1404,1422,1370,1253,1326,1206,1194,1109,1119,1006,1064,1065,1018,1051,1098,1089,1128,859,825,736,650,658,544,628,602,624,595,491,491,427,405,351,289,267,217,787
GGL062,Herefordshire,E06000019,"Herefordshire, County of",E06,Unitary Authority,E12000005,West Midlands,217970.94,192107,1777,1836,1837,1884,2003,2136,2163,2229,2152,2077,2149,2089,1985,2032,1996,1868,1944,1946,1998,1651,1585,1554,1821,1999,1954,1935,2134,2302,2171,2262,2202,2218,2251,2099,2151,2201,2091,2206,2285,2103,1926,1944,1961,2020,2054,2307,2486,2614,2523,2752,2726,2893,3014,3049,2825,2871,2925,2872,2622,2655,2780,2580,2683,2537,2587,2642,2510,2522,2524,2781,2692,2886,2344,2252,2289,1996,1835,1563,1610,1569,1413,1441,1241,1240,1095,963,856,772,705,601,2283
GGL063,Hertfordshire,E10000015,Hertfordshire,E10,County,E12000006,East of England,164306.51,1184365,14155,14704,15169,15206,15530,15636,16448,16494,16377,15912,15974,15197,14897,14099,14219,13597,13444,13947,13462,10493,10291,11728,12805,13614,14185,13788,13937,14468,14326,14944,15491,15312,15521,15392,15820,16396,16979,17189,17733,16985,16149,16084,16250,16561,16631,16697,17252,17429,16546,17015,17293,17282,17591,17505,16928,16637,15999,15243,14290,14163,13478,12897,12241,11593,11505,10919,10421,10500,10699,10817,11390,12705,9577,9171,9129,8617,7230,6374,6898,6849,6567,6385,5854,5554,5164,4575,4327,3850,3454,2979,11237
GGL064,Highland Council,S12000017,Highland,S12,Council Area,S92000003,Scotland,2565397.08,235540,2048,2147,2279,2402,2300,2393,2494,2578,2470,2706,2676,2606,2602,2606,2535,2493,2510,2582,2382,2422,2276,2222,2268,2469,2562,2380,2422,2479,2411,2443,2624,2658,2703,2734,2782,2672,2769,2927,2760,2687,2508,2481,2702,2766,2726,2960,3179,3379,3361,3405,3658,3623,3799,3916,3882,3669,3634,3695,3559,3541,3462,3423,3329,3186,3222,3155,3110,3056,3073,3130,3254,3266,2557,2316,2475,2317,2062,1797,1807,1702,1604,1394,1372,1268,1167,1017,956,792,674,613,2062
GGL065,Inverclyde,S12000018,Inverclyde,S12,Council Area,S92000003,Scotland,16043.87,78150,665,691,700,757,766,795,795,830,863,798,854,831,805,858,835,785,735,829,838,876,800,898,948,945,911,880,988,998,945,853,903,859,963,848,841,887,905,875,927,870,801,798,799,918,870,948,1005,1097,1090,1145,1274,1298,1301,1295,1310,1366,1354,1323,1271,1271,1097,1131,1070,1026,960,966,916,990,960,928,940,997,798,711,781,730,607,608,542,564,537,515,460,401,354,333,348,266,228,202,700
GGL066,Isle of Anglesey,W06000001,Isle of Anglesey,W06,Unitary Authority,W92000004,Wales,71168.01,69961,687,704,732,691,786,824,810,819,795,803,820,752,754,677,712,689,688,697,708,575,535,620,644,673,694,703,745,797,836,781,728,745,683,684,707,678,725,728,770,745,689,629,677,686,757,897,832,1006,866,966,930,991,979,1014,1013,1047,961,1048,1059,1046,988,980,1004,943,1017,933,969,982,1029,1087,1104,1173,887,925,904,816,689,611,622,640,600,497,462,434,371,342,330,270,232,198,885
GGL067,Isle of Wight,E06000046,Isle of Wight,E06,Unitary Authority,E12000008,South East,37961.47,141538,1144,1226,1265,1413,1414,1396,1448,1400,1418,1369,1404,1432,1500,1428,1419,1381,1324,1488,1509,1287,1152,1328,1292,1402,1466,1323,1325,1441,1265,1325,1353,1345,1323,1369,1384,1257,1314,1371,1419,1401,1297,1257,1338,1468,1564,1656,1704,1913,1933,1993,2059,2148,2155,2248,2118,2157,2100,2104,2090,2117,2025,2031,2116,2004,2129,2041,2071,2052,2102,2248,2426,2684,2077,1990,1935,1792,1648,1250,1341,1278,1185,1049,1036,954,844,776,747,629,582,502,2055
GGL068,Kent,E10000016,Kent,E10,County,E12000008,South East,354439.44,1568623,17431,17902,18178,18842,19072,19492,20206,20124,20055,19703,20001,19654,19336,18421,18326,17762,17688,17947,18236,17218,17384,17654,17532,17695,18676,18144,18843,18663,18376,18572,18419,18315,18857,18793,18513,18652,18841,19743,19739,19162,17872,17864,18083,19021,19527,20667,21326,22249,21958,22732,22531,23133,23147,23280,22655,21965,21615,20439,19593,19475,18816,18261,17622,17105,17029,16859,16369,16716,17244,17968,19336,21405,16221,15030,15047,13630,11955,10402,10819,10587,9678,9136,8535,7780,7077,6506,6035,5498,4690,4108,15860
GGL069,Kingston upon Hull,E06000010,"Kingston upon Hull, City of",E06,Unitary Authority,E12000003,Yorkshire and the Humber,7158.37,260645,3308,3503,3509,3412,3475,3565,3619,3370,3332,3325,3237,3092,3011,2713,2827,2480,2618,2627,2667,3558,4487,4814,4430,3838,4255,4355,4492,5172,4675,4323,4329,4029,4044,4012,3580,3556,3522,3412,3282,3082,2807,2790,2962,2946,3037,3238,3259,3303,3075,3228,3261,3414,3335,3361,3391,3385,3391,3231,3092,2892,2934,2826,2617,2437,2499,2468,2360,2360,2214,2305,2526,2603,1893,1680,1624,1600,1344,1262,1330,1352,1224,1255,1096,979,885,788,719,629,549,456,1496
GGL070,Lancashire,E10000017,Lancashire,E10,County,E12000002,North West,289390.74,1210053,12376,13022,13665,13942,14099,14404,14490,14905,14624,14552,14702,14293,14227,13723,13438,12911,12734,13620,13654,15367,15407,16106,15267,14411,14776,14943,15870,15444,14746,14372,14453,13886,14074,14182,13814,14048,13774,13832,14303,13588,12594,12423,13564,13659,14347,15172,16231,17000,16738,17379,17402,17405,17278,17810,17480,17450,17425,16608,16056,15328,15209,15067,14233,13750,13757,13853,13335,13626,13969,14527,15475,16597,12414,11978,11797,10842,9728,8776,8646,8339,7861,7368,6849,6126,5530,4841,4464,4080,3533,2899,11191
GGL071,Leicester,E06000016,Leicester,E06,Unitary Authority,E12000004,East Midlands,7334.21,355218,4815,4985,5080,5107,5062,5093,5277,4903,4655,4856,4764,4536,4513,4256,4142,3990,3980,3980,4688,7905,9816,9012,7431,6870,6986,6782,6779,6925,6409,5591,5525,5136,4992,5215,5337,5007,4707,4827,4817,4567,4100,4082,4140,3993,3824,3994,4084,4081,3892,3999,3895,3841,3720,3867,3756,3810,3748,3851,3659,3495,3357,3197,3171,3001,3039,2891,2792,2596,2557,2452,2460,2330,1878,1709,1745,1763,1380,1338,1436,1363,1276,1294,1146,1065,957,931,784,718,720,525,2198
GGL072,Leicestershire,E10000018,Leicestershire,E10,County,E12000004,East Midlands,208289.39,698268,6983,7082,7686,7670,7495,7958,8276,8476,8176,7893,8277,8109,8051,7646,7964,7436,7291,7838,8198,9593,8885,8480,8790,9108,8761,8369,8189,8433,7797,7769,8131,7630,8023,8341,8085,8141,8346,8443,8590,8066,7637,7573,8036,8402,8703,9462,9795,10536,9821,10585,10519,10466,10529,10622,10343,10120,9963,9790,9081,8849,8768,8211,8183,7728,7781,8199,7841,7897,7982,8435,8726,9335,7063,7054,7005,6344,5172,4622,4795,4693,4487,4112,3748,3454,3131,2828,2651,2389,2069,1732,6526
GGL073,Lincolnshire,E10000019,Lincolnshire,E10,County,E12000004,East Midlands,593905.11,755833,7363,7573,8228,8304,8405,8430,8842,8738,8458,8296,8458,8090,8022,7723,7728,7653,7505,7825,8297,9224,8768,8899,8530,7908,8199,8361,8462,8537,8688,8377,8702,8387,8512,8488,8250,8430,8430,8343,8547,8124,7503,7597,7712,8132,8597,9309,10009,10536,10200,10516,10349,10898,11016,11381,11342,11106,11120,10935,10321,10104,10109,9847,9526,9390,9510,9613,9425,9662,10018,10018,10937,11770,9225,8869,8807,7907,7065,6046,6177,6002,5495,5153,4634,4276,3696,3446,3185,2927,2463,2144,7704
GGL074,Lisburn and Castlereagh,N09000007,Lisburn and Castlereagh,N09,Local Government District,N92000002,Northern Ireland,50578.54,144381,1847,1779,1771,1847,1810,1881,1891,1965,1933,1945,1932,1811,1764,1697,1646,1607,1604,1632,1765,1516,1416,1468,1589,1612,1743,1713,1723,1698,1860,1836,1903,1885,1941,1956,1974,1904,1937,1991,1973,1916,1812,1796,1803,1800,1827,1917,1912,1990,2024,2050,2167,2228,2131,2258,2149,2082,2083,2083,1875,1836,1775,1674,1589,1458,1429,1466,1384,1313,1338,1329,1353,1371,1210,1148,1261,1245,1097,971,931,916,805,755,744,645,558,561,483,413,339,299,1017
GGL075,Luton,E06000032,Luton,E06,Unitary Authority,E12000006,East of England,4335.25,214109,3283,3558,3580,3524,3602,3550,3576,3462,3244,3220,3266,3053,2904,2948,2650,2702,2676,2577,2555,2363,2410,2424,2537,2585,2936,2996,2967,3246,3436,3485,3689,3707,3815,3768,3760,3725,3523,3345,3322,3181,2871,2813,2822,2828,2492,2627,2681,2580,2601,2526,2665,2558,2500,2576,2613,2568,2492,2214,2210,2089,1946,1882,1844,1673,1668,1602,1577,1464,1423,1409,1405,1464,1166,1197,1067,1042,999,898,1003,957,976,945,883,793,674,574,568,495,385,363,1291
GGL076,Medway,E06000035,Medway,E06,Unitary Authority,E12000008,South East,19371.42,277855,3476,3730,3812,3700,3776,3728,3946,3809,3731,3650,3593,3503,3516,3326,3342,3269,3234,3250,3362,3144,3172,3325,3292,3466,3611,3714,4245,4261,4010,3944,4091,4038,3925,3800,3685,3664,3833,3631,3816,3750,3360,3368,3277,3441,3506,3501,3769,3832,3839,3912,3841,4006,3918,3899,3832,3869,3585,3561,3369,3339,3157,3068,2799,2684,2744,2628,2539,2511,2552,2713,2845,3055,2317,2147,2099,1923,1674,1474,1464,1433,1395,1291,1173,1031,887,796,777,647,614,454,1770
GGL077,Merseyside,E11000002,Merseyside,E11,Metropolitan County,E12000002,North West,65219.48,1423065,15883,16500,16623,16635,16885,16487,17629,16783,16293,16166,16175,15841,15531,14762,14600,14481,14357,14942,16139,19893,20519,21270,19615,19430,19418,19911,20703,21850,20951,20161,19369,18862,19064,19005,17829,17804,17653,17363,17245,16514,15163,14681,15318,15516,15781,16727,17945,18980,18680,19026,18711,19316,19149,20278,20476,20199,20102,19651,18840,18197,18100,17607,16632,15959,16138,15614,15048,15190,14873,15032,15801,17090,12737,11698,12113,11165,10077,9438,9514,9347,9025,8249,7875,7182,6424,5719,5346,4762,3941,3418,12074
GGL078,Merthyr Tydfil County Borough,W06000024,Merthyr Tydfil,W06,Unitary Authority,W92000004,Wales,11144.63,60183,712,729,753,802,722,754,771,752,715,749,779,715,675,639,618,668,626,635,701,654,591,676,654,720,806,809,821,825,869,824,814,843,887,846,845,742,816,801,737,692,645,638,613,652,645,687,789,819,770,849,863,867,891,821,899,826,894,835,849,774,830,694,676,655,691,658,675,682,655,703,686,676,520,567,547,452,440,425,392,383,376,324,335,264,211,222,164,183,153,139,392
GGL079,Mid And East Antrim,N09000008,Mid and East Antrim,N09,Local Government District,N92000002,Northern Ireland,105921.35,138773,1533,1629,1606,1642,1633,1671,1732,1707,1725,1698,1801,1750,1719,1676,1613,1650,1599,1589,1653,1490,1414,1503,1515,1575,1659,1682,1713,1623,1770,1737,1760,1668,1670,1680,1610,1624,1651,1702,1734,1685,1563,1593,1523,1675,1791,1971,1905,2007,2049,2132,2151,2084,2122,2092,2069,2079,1957,1871,1868,1843,1805,1712,1687,1572,1521,1541,1447,1484,1466,1411,1440,1485,1343,1270,1292,1260,1121,918,937,905,805,773,706,691,586,517,457,429,350,316,1090
GGL080,Mid Ulster,N09000009,Mid Ulster,N09,Local Government District,N92000002,Northern Ireland,183134.12,147392,2120,2198,2200,2170,2201,2260,2173,2256,2285,2274,2172,2108,2046,2035,1924,1826,1912,1876,1976,1597,1480,1576,1706,1937,1953,1878,2064,2059,2097,2053,2053,2136,2025,2056,2136,2082,2085,2166,2088,2004,1932,1875,1904,1978,1990,2050,2019,2007,1955,1974,1907,1923,1944,1889,1857,1840,1788,1739,1651,1628,1586,1529,1431,1343,1345,1328,1273,1275,1225,1158,1169,1172,1083,1091,1005,931,848,785,747,729,617,570,567,492,457,434,365,311,296,251,886
GGL081,Middlesbrough,E06000002,Middlesbrough,E06,Unitary Authority,E12000001,North East,5388.16,140545,1871,1970,1882,1969,1965,2025,1955,1975,1911,1740,1800,1741,1788,1636,1614,1521,1531,1619,1707,1975,2261,2456,2371,2265,2297,2386,2317,2115,2101,2079,2089,1813,1911,1812,1751,1750,1642,1659,1583,1476,1438,1356,1492,1517,1513,1567,1618,1738,1701,1581,1691,1713,1850,1960,1807,1820,1954,1769,1716,1717,1726,1663,1588,1522,1432,1442,1311,1295,1292,1250,1360,1433,1080,1012,972,916,867,798,800,777,806,714,676,608,531,525,392,421,323,280,886
GGL082,Midlothian,S12000019,Midlothian,S12,Council Area,S92000003,Scotland,35368.18,91340,1095,1124,1198,1213,1191,1120,1192,1139,1126,1103,1072,1016,1055,1009,990,947,912,998,1003,971,911,927,916,1035,1059,1034,1123,1157,1092,1116,1205,1124,1183,1148,1156,1204,1248,1215,1266,1212,1083,1032,1121,1110,1160,1127,1229,1346,1330,1289,1360,1346,1303,1342,1303,1370,1317,1274,1246,1215,1210,1211,1087,1043,1052,1044,994,1040,1015,1080,1049,1190,899,810,819,749,629,608,568,535,540,476,452,418,337,290,282,241,223,172,569
GGL083,Milton Keynes,E06000042,Milton Keynes,E06,Unitary Authority,E12000008,South East,30862.67,268607,3567,3653,3933,3951,3944,4137,4332,4360,4223,4183,4172,3928,3771,3368,3341,3182,3119,3114,3054,2137,2105,2264,2608,2860,3096,2999,3166,3272,3362,3360,3719,3654,4145,4340,4284,4260,4439,4645,4541,4521,4206,4154,3935,4028,3982,3954,3847,3789,3683,3721,3619,3724,3551,3434,3524,3316,3140,3116,3119,3059,2908,2730,2739,2607,2581,2541,2457,2440,2363,2318,2265,2449,1853,1596,1707,1501,1325,1206,1142,1200,1035,1023,900,715,686,674,559,590,490,373,1624
GGL084,Monmouthshire,W06000021,Monmouthshire,W06,Unitary Authority,W92000004,Wales,84908.08,94142,718,840,853,891,873,963,951,1020,996,1071,1032,1121,1003,1025,1065,1040,1002,1109,1068,729,650,860,865,945,999,869,951,988,833,1016,995,840,840,846,885,902,902,965,962,988,893,934,954,1071,1046,1206,1288,1410,1378,1386,1523,1525,1623,1650,1635,1576,1596,1432,1380,1287,1318,1341,1218,1281,1296,1228,1285,1311,1313,1335,1364,1481,1151,1156,1095,1052,924,854,817,713,703,670,641,591,550,507,423,407,330,292,1231
GGL085,Moray,S12000020,Moray,S12,Council Area,S92000003,Scotland,223721.8,95520,835,872,949,915,951,1008,953,1092,1072,1103,1204,1084,1021,1018,1030,1066,1044,1095,1032,995,935,997,1100,1085,1102,1104,1121,1021,1049,1054,1084,1143,1157,1154,1090,1083,1137,1010,1151,1146,985,1026,1114,1148,1212,1284,1366,1462,1399,1455,1443,1474,1480,1464,1444,1484,1445,1386,1362,1271,1350,1285,1325,1186,1185,1202,1128,1182,1193,1120,1208,1311,989,957,949,892,798,741,718,686,651,602,522,574,466,425,374,354,270,242,869
GGL086,Na h-Eileanan an Iar,S12000013,Na h-Eileanan Siar,S12,Council Area,S92000003,Scotland,305580.18,26830,214,251,242,227,265,258,277,264,265,284,298,314,300,272,310,287,258,256,230,233,194,233,250,220,283,206,243,197,228,260,261,301,235,238,258,247,300,275,283,319,272,322,314,331,323,346,375,400,395,428,442,427,403,425,415,409,470,410,401,426,377,398,378,408,374,382,387,367,414,398,384,423,337,273,300,299,248,260,268,249,232,206,171,167,164,151,127,106,79,103,330
GGL087,Neath Port Talbot Principle Area,W06000012,Neath Port Talbot,W06,Unitary Authority,W92000004,Wales,44124.47,142906,1456,1480,1546,1570,1554,1520,1666,1623,1590,1611,1631,1576,1596,1610,1496,1427,1507,1585,1665,2300,1643,1178,1321,1573,1691,1672,1735,1734,1760,1592,1739,1756,1934,1880,1710,1797,1802,1840,1883,1724,1659,1593,1658,1677,1652,1775,1839,2041,1873,1959,2068,2001,2003,2093,2216,2115,2040,1997,1975,1990,1977,1887,1820,1703,1792,1785,1797,1696,1696,1711,1795,1899,1441,1366,1415,1321,1145,1029,1013,962,920,875,785,725,638,575,503,457,436,349,1196
GGL088,Newport,W06000022,Newport,W06,Unitary Authority,W92000004,Wales,19037.27,153302,1928,2020,2079,2127,2014,2068,2061,2052,2005,2024,2062,1860,1816,1804,1765,1725,1757,1763,1734,1561,1615,1624,1678,1793,2026,2092,2222,2274,2208,2113,2259,2145,2272,2180,2122,2009,1987,2117,2018,2040,1805,1766,1793,1729,1818,1808,1959,2171,2053,2158,2179,2229,2179,2142,2141,2119,2014,1971,1932,1910,1765,1691,1510,1455,1518,1519,1419,1356,1514,1499,1627,1728,1251,1227,1183,1157,1102,954,964,906,834,864,789,687,613,532,456,455,360,316,1156
GGL089,Newry and Mourne And Down,N09000010,"Newry, Mourne and Down",N09,Local Government District,N92000002,Northern Ireland,168234.08,180012,2331,2491,2636,2557,2609,2636,2722,2614,2703,2699,2706,2592,2333,2387,2312,2373,2317,2341,2412,1977,1930,1891,2014,2206,2252,2211,2242,2319,2336,2376,2453,2330,2407,2350,2304,2328,2351,2378,2374,2211,2219,2161,2162,2173,2303,2374,2414,2492,2442,2481,2641,2509,2460,2553,2472,2430,2362,2309,2217,2159,2100,2021,1978,1923,1841,1714,1706,1658,1644,1618,1562,1484,1439,1382,1334,1234,1067,1012,968,905,825,829,766,699,590,573,507,439,362,303,1185
GGL090,Norfolk,E10000020,Norfolk,E10,County,E12000006,East of England,538355.44,903680,8492,9104,9502,9573,9585,10035,10231,10201,10124,9942,10148,9806,9374,9153,8977,8740,8679,9144,9408,10239,10603,10770,10552,10483,10815,10093,10173,10429,10181,10438,10600,10453,10474,10398,10092,10259,10288,10233,10013,9770,9233,8897,9381,9701,10379,10846,11514,11967,11912,12316,12361,12367,12834,12991,12857,12551,12433,12308,11833,11668,11496,11502,11304,10941,11254,11176,11191,11349,11762,12037,13137,14906,11171,10611,10532,9712,8501,7428,7546,7287,7242,6624,6087,5614,5027,4613,4417,3830,3473,2913,11074
GGL091,North Ayrshire Council,S12000021,North Ayrshire,S12,Council Area,S92000003,Scotland,88527.62,135280,1208,1207,1323,1331,1373,1349,1477,1554,1411,1567,1501,1566,1537,1489,1427,1460,1396,1506,1435,1464,1562,1610,1568,1664,1671,1556,1518,1569,1347,1462,1531,1394,1395,1359,1336,1333,1439,1405,1409,1384,1316,1287,1515,1513,1590,1694,1804,1947,1933,2043,2037,2102,2072,2164,2250,2154,2134,2006,2010,2103,1994,1901,1917,1817,1810,1820,1724,1742,1707,1818,1914,2023,1487,1420,1438,1361,1231,1083,1164,980,941,813,778,671,639,584,570,421,321,297,1127
GGL092,North East Lincolnshire,E06000012,North East Lincolnshire,E06,Unitary Authority,E12000003,Yorkshire and the Humber,19262.29,159821,1796,1861,1890,2003,1966,1985,2099,2047,2110,2014,1953,1961,1979,1957,1721,1729,1737,1695,1748,1555,1442,1613,1698,1655,1903,1936,2091,2135,2057,2171,2296,2061,2114,1948,1926,1855,1897,1910,1788,1758,1590,1542,1698,1766,1822,1951,2185,2268,2102,2279,2218,2244,2342,2305,2329,2402,2329,2266,2119,2078,2077,1907,1941,1835,1867,1778,1760,1753,1736,1792,1903,2158,1594,1479,1435,1330,1187,1150,1163,1097,1069,1048,900,913,787,689,611,550,463,433,1521
GGL093,North Lanarkshire,S12000050,North Lanarkshire,S12,Council Area,S92000003,Scotland,47000.22,340180,3508,3488,3773,3791,3769,3891,3998,4115,4056,4218,4230,4103,4007,4055,4049,3904,3786,3895,3836,4125,3991,4290,4116,4054,4121,4181,4370,4265,4064,4105,4349,4186,4357,4344,4335,4461,4531,4692,4615,4362,4117,3864,4470,4317,4337,4592,4980,5039,5065,5317,5380,5370,5287,5465,5225,5134,5164,4825,4659,4497,4483,4274,4111,3941,3877,3792,3586,3447,3582,3567,3569,3674,2858,2660,2695,2626,2286,2035,2097,2064,1944,1629,1578,1372,1182,1118,952,779,632,554,1726
GGL094,North Lincolnshire,E06000013,North Lincolnshire,E06,Unitary Authority,E12000003,Yorkshire and the Humber,84649.92,172005,1729,1817,1857,1873,1928,2050,2041,2110,2173,2204,2177,2105,2120,1978,1939,1855,1820,1938,1877,1453,1483,1526,1689,1877,1873,1948,1997,2086,2010,2011,2125,2135,2172,2113,2168,2105,2007,2074,2048,1957,1743,1749,1865,1967,2049,2113,2269,2332,2489,2592,2433,2588,2583,2645,2667,2640,2528,2474,2410,2330,2332,2215,2264,2175,2056,2157,2065,2081,2168,2125,2187,2332,1740,1774,1659,1529,1425,1227,1221,1183,1097,995,995,905,764,707,617,594,474,428,1600
GGL095,North Somerset,E06000024,North Somerset,E06,Unitary Authority,E12000009,South West,37371.75,213919,2027,2249,2431,2355,2429,2560,2609,2669,2605,2497,2582,2432,2485,2261,2386,2286,2285,2287,2282,1852,1524,1761,1963,2121,2013,1953,2051,2170,2032,2154,2268,2224,2257,2304,2405,2457,2547,2598,2635,2534,2530,2510,2549,2600,2764,2802,3026,3096,3092,3112,3060,3262,3187,3223,3208,3138,3002,2827,2790,2665,2737,2635,2603,2488,2526,2645,2464,2622,2653,2898,2976,3333,2622,2627,2511,2161,2014,1758,1732,1709,1617,1483,1426,1360,1184,1101,1062,870,776,686,2657
GGL096,North Yorkshire,E10000023,North Yorkshire,E10,County,E12000003,Yorkshire and the Humber,803736.39,614505,5433,5713,6080,6185,6295,6396,6789,6749,6943,6789,6917,6846,6851,6622,6541,6654,6556,7140,6695,4781,4319,4921,5285,5605,5490,6015,6292,6683,6722,6452,6683,6318,6479,6249,6265,6203,6498,6838,6534,6521,5974,6233,6596,6799,7198,7854,8516,8947,8781,9137,9379,9660,9530,9994,9960,9903,9705,9565,9290,8995,8745,8547,8464,8086,8330,8071,7848,8164,8105,8580,8959,9863,7371,7406,7095,6408,5615,5007,5128,5171,4852,4328,4250,3771,3392,3021,2761,2617,2117,1876,7194
GGL097,Northamptonshire,E10000021,Northamptonshire,E10,County,E12000004,East Midlands,236400.52,747622,8891,9205,9676,9689,9876,10082,10308,10142,10060,9962,10036,9718,9404,8807,8830,8528,8319,8702,8357,7164,7020,7685,7909,7851,8049,8400,8621,8877,8829,9050,9668,9220,9657,9794,9622,10172,9862,10029,10343,9798,9028,8996,9346,9646,10218,10447,10819,11193,10477,11168,11060,11252,11119,11242,10917,10635,10327,9814,9370,9041,8817,8491,8104,7943,8034,7801,7781,7839,7932,8186,8663,9210,6924,6630,6505,5626,5091,4366,4287,4229,4014,3569,3384,2966,2797,2497,2321,2022,1819,1433,6014
GGL098,Northumberland,E06000057,Northumberland,E06,Unitary Authority,E12000001,North East,501833.91,320274,2874,2944,3058,2945,3089,3284,3368,3442,3481,3400,3608,3319,3496,3350,3425,3272,3356,3300,3267,2727,2552,2739,3048,3091,3002,3214,3406,3386,3253,3257,3465,3320,3391,3484,3343,3312,3483,3479,3719,3710,3236,3229,3398,3549,3610,3879,4127,4570,4307,4494,4596,4768,4798,5216,5224,5126,5079,5018,5109,5121,4989,4743,4675,4478,4551,4419,4437,4522,4557,4658,4960,5201,3900,3821,3655,3299,2857,2689,2641,2551,2362,2262,2011,1953,1632,1484,1353,1211,1079,864,3347
GGL099,Nottinghamshire,J19000002,Nottinghamshire Ceremonial County,J19,Ceremonial County,E12000004,East Midlands,215932.46,1154195,12222,13113,13409,13410,13489,13769,14374,14225,13829,13677,13652,13288,13059,12298,12103,11775,11608,11893,13428,19586,20742,19970,18106,16635,17263,16834,17201,17094,16413,15279,14644,14499,14582,14236,14042,14131,13903,14117,14579,13611,12958,12550,13009,13296,13590,14575,15147,15803,15398,16052,15953,15948,16172,16253,16012,15871,15307,14764,14480,13924,13378,12753,12164,12086,12234,11842,11599,11642,11911,11939,12534,13564,10214,10009,10056,9126,7844,7050,7147,7096,6600,6152,5578,5272,4686,4152,3986,3456,2939,2488,9548
GGL100,Orkney,S12000023,Orkney Islands,S12,Council Area,S92000003,Scotland,99052.14,22190,178,207,180,208,193,215,222,249,226,244,248,255,242,246,211,220,229,215,197,205,186,202,214,231,218,254,230,245,261,225,254,270,233,269,213,246,234,228,244,265,222,207,242,253,252,286,287,301,330,319,349,364,377,378,354,381,331,356,347,335,309,350,313,307,294,331,288,316,280,309,292,333,243,236,261,245,253,161,215,181,180,150,122,133,119,87,77,76,88,59,199
GGL101,Oxfordshire,E10000025,Oxfordshire,E10,County,E12000008,South East,260493.16,687524,7481,7708,8090,8085,8034,8300,8737,9003,8501,8242,8499,8315,8093,7805,7741,7502,7143,7509,8134,9733,9985,10225,9830,9940,9698,9452,9239,9179,8705,8197,8203,8397,8760,8938,8833,9278,8945,9172,8951,8964,8311,8329,8058,8399,8669,8940,9242,9462,9390,9398,9576,9592,9838,9720,9685,9417,9083,8634,8486,8052,7788,7518,7178,6923,6863,6741,6371,6746,6875,6959,7337,7670,6013,6106,5944,5535,4795,4214,4359,4318,4003,3810,3605,3261,2918,2718,2498,2253,1915,1705,6758
GGL102,Pembrokeshire,W06000009,Pembrokeshire,W06,Unitary Authority,W92000004,Wales,161834.49,125055,1105,1199,1189,1264,1260,1292,1436,1455,1447,1424,1513,1374,1431,1389,1351,1294,1214,1423,1379,1167,1073,1135,1201,1198,1310,1290,1393,1432,1358,1361,1411,1345,1251,1181,1194,1176,1213,1261,1242,1239,1186,1204,1071,1233,1303,1444,1553,1593,1609,1746,1717,1777,1777,1932,1860,2005,1962,1854,1743,1817,1765,1699,1731,1716,1758,1789,1747,1769,1840,1783,1915,2043,1618,1578,1556,1363,1257,1162,1101,1049,1017,861,898,845,686,741,585,516,440,394,1577
GGL103,Perth and Kinross,S12000048,Perth and Kinross,S12,Council Area,S92000003,Scotland,528559.34,151290,1239,1269,1413,1518,1458,1516,1565,1633,1567,1675,1622,1616,1480,1633,1603,1618,1587,1735,1648,1455,1442,1452,1557,1516,1743,1811,1676,1750,1461,1537,1671,1648,1669,1721,1825,1744,1719,1823,1685,1706,1590,1597,1637,1598,1763,1839,2096,2091,2085,2209,2330,2373,2382,2480,2449,2477,2282,2261,2051,2218,2190,2089,2030,2011,1957,2109,1928,1928,1973,1976,2014,2225,1716,1541,1527,1524,1386,1207,1273,1248,1109,1041,967,934,794,713,729,645,528,439,1725
GGL104,Peterborough,E06000031,Peterborough,E06,Unitary Authority,E12000006,East of England,34337.82,201041,3030,3094,3182,3300,3325,3347,3385,3067,3013,2890,2849,2691,2482,2404,2399,2143,2272,2264,2238,1767,1715,1841,2112,2349,2480,2577,2650,2903,3030,2956,3169,3193,3407,3192,3207,3162,3042,3180,3051,2872,2739,2596,2566,2642,2545,2653,2763,2596,2584,2743,2684,2598,2663,2506,2570,2443,2277,2333,2166,2077,2095,1897,1872,1846,1847,1762,1783,1661,1706,1662,1682,1893,1485,1301,1320,1170,1008,951,1035,954,856,868,863,776,690,639,594,545,469,397,1440
GGL105,Plymouth,E06000026,Plymouth,E06,Unitary Authority,E12000009,South West,7984.97,263100,2827,2845,3120,3065,3112,3140,3382,3218,3105,2986,3102,2851,2769,2706,2624,2591,2537,2572,3054,4897,5498,5389,4829,4017,4108,3734,3810,3879,3915,3523,3303,3384,3350,3548,3607,3464,3580,3190,3095,2982,2719,2672,2762,2883,2957,3059,3194,3431,3330,3506,3411,3470,3506,3519,3541,3308,3303,3278,3230,3172,3013,3113,2785,2586,2643,2520,2650,2512,2614,2694,2878,3122,2436,2333,2261,2134,1761,1614,1756,1630,1545,1366,1361,1243,1156,1022,930,828,743,607,2285
GGL106,Portsmouth,E06000044,Portsmouth,E06,Unitary Authority,E12000008,South East,4039.12,215133,2406,2458,2606,2646,2619,2662,2624,2636,2679,2586,2516,2500,2398,2207,2302,2083,2054,2064,2690,4909,5999,5535,4663,4049,4209,4139,4111,3846,3702,3356,3054,3028,3264,3163,3191,2884,2769,2730,2752,2538,2319,2305,2406,2376,2397,2582,2683,2677,2736,2578,2633,2683,2680,2723,2651,2668,2495,2462,2362,2264,2163,2042,1871,1797,1694,1712,1605,1525,1653,1706,1798,2052,1569,1423,1306,1253,1164,982,1028,1009,988,870,875,775,717,572,628,521,467,421,1640
GGL107,Powys,W06000023,Powys,W06,Unitary Authority,W92000004,Wales,518067.16,132447,1180,1168,1168,1234,1258,1324,1267,1428,1361,1400,1466,1383,1384,1419,1392,1366,1411,1421,1425,1217,1081,1007,1212,1293,1283,1207,1340,1402,1355,1305,1306,1312,1194,1088,1109,1111,1242,1269,1195,1211,1220,1159,1242,1354,1407,1511,1716,1817,1778,1923,1809,2022,2056,2158,2121,2172,2033,2054,2014,2079,1957,1982,1955,1915,2024,2045,1929,1965,2018,2059,2141,2221,1737,1675,1819,1630,1379,1234,1236,1198,1107,1020,988,867,794,733,645,607,526,420,1782
GGL108,Reading,E06000038,Reading,E06,Unitary Authority,E12000008,South East,4039.79,163203,2249,2377,2415,2303,2288,2422,2286,2205,2152,2133,2195,1976,1895,1705,1640,1635,1538,1666,1880,2928,3361,3103,2727,2565,2728,2712,2844,2925,3043,2461,2419,2567,2570,2735,2693,2680,2540,2706,2748,2483,2387,2282,2070,2221,1993,2143,2180,2113,2051,2056,2005,2152,2002,1993,1894,1854,1726,1680,1627,1489,1471,1428,1375,1282,1211,1167,1071,1080,1041,1164,1147,1265,867,869,945,822,772,663,706,652,667,602,563,556,485,433,412,360,342,277,1092
GGL109,Redcar and Cleveland,E06000003,Redcar and Cleveland,E06,Unitary Authority,E12000001,North East,24506.98,136718,1381,1501,1419,1487,1560,1695,1716,1740,1574,1534,1588,1585,1653,1473,1469,1394,1406,1451,1515,1342,1312,1414,1470,1532,1623,1610,1752,1616,1637,1629,1596,1658,1671,1606,1536,1442,1508,1537,1531,1365,1351,1264,1402,1360,1461,1607,1760,1797,1800,1918,1892,2024,2128,2053,2069,2160,2103,1930,1941,1931,1938,1757,1755,1616,1738,1692,1584,1642,1657,1767,1787,1997,1608,1502,1439,1247,1244,1100,1137,1120,1010,974,827,764,653,598,548,479,437,327,1295
GGL110,Renfrewshire,S12000038,Renfrewshire,S12,Council Area,S92000003,Scotland,26148.77,177790,1754,1773,1815,1786,1894,1976,1983,2001,1898,1909,2009,1879,1937,1906,1854,1797,1815,1918,1902,1893,2017,2156,2112,2147,2256,2303,2471,2361,2349,2241,2408,2442,2194,2258,2213,2412,2239,2414,2181,2102,1947,1872,1961,2101,2126,2231,2397,2563,2705,2668,2812,2810,2819,2917,2811,2733,2800,2815,2576,2575,2528,2338,2222,2130,2070,1980,1862,1999,1871,1951,1913,2173,1565,1560,1572,1375,1283,1238,1136,1158,1090,1025,947,887,780,631,598,536,468,370,1320
GGL111,Rhondda Cynon Taff,W06000016,Rhondda Cynon Taf,W06,Unitary Authority,W92000004,Wales,42415.02,240131,2586,2626,2808,2778,2824,2867,2967,3019,2936,3004,2897,2757,2843,2743,2570,2630,2501,2632,2640,2785,2974,3278,3060,3062,3170,3259,3357,3443,3570,3380,3327,3230,3077,3156,2951,3058,2918,3062,3133,2790,2538,2595,2526,2624,2764,2999,3232,3439,3237,3339,3289,3406,3324,3393,3466,3172,3332,3161,2974,2940,3037,2828,2643,2620,2591,2655,2594,2567,2725,2758,2964,3050,2374,2301,2073,1982,1866,1728,1551,1495,1465,1282,1221,1114,1041,909,700,674,582,438,1885
GGL112,Rutland,E06000017,Rutland,E06,Unitary Authority,E12000004,East Midlands,38183.13,39697,349,358,386,380,382,428,374,391,400,395,391,441,407,461,577,569,533,585,534,265,226,283,385,423,504,436,403,445,372,435,358,389,381,403,387,435,415,437,469,456,416,429,467,435,464,466,545,590,542,574,621,564,583,587,623,541,585,574,557,544,488,531,512,453,480,494,521,514,560,563,596,639,492,472,481,470,383,370,296,358,351,254,290,275,200,207,150,167,164,121,490
GGL113,Scottish Borders,S12000026,Scottish Borders,S12,Council Area,S92000003,Scotland,473178.37,115270,1017,1015,1127,1100,1227,1270,1236,1254,1183,1262,1262,1226,1238,1255,1232,1142,1191,1197,1196,1101,1076,1139,1152,1110,1076,1114,1026,957,1087,994,1038,1012,1082,1075,1108,1120,1168,1148,1249,1107,1028,1080,1238,1324,1370,1466,1672,1690,1694,1798,1840,1871,1902,1915,1880,1963,1849,1824,1819,1836,1760,1775,1683,1708,1613,1628,1554,1604,1629,1663,1779,1962,1422,1302,1320,1255,1059,975,1007,1002,907,821,715,680,618,534,451,469,392,331,1024
GGL114,Shetland Islands,S12000027,Shetland Islands,S12,Council Area,S92000003,Scotland,146745.88,22990,216,247,257,237,238,285,269,284,285,282,241,283,301,264,254,262,243,241,274,221,221,231,243,249,260,244,269,251,267,256,291,316,282,254,245,251,270,293,278,289,235,312,263,290,300,335,324,330,329,319,350,333,359,341,375,355,341,355,305,301,315,291,322,329,282,270,277,284,286,270,273,303,210,215,201,230,203,159,169,139,141,127,112,120,92,79,64,62,51,56,162
GGL115,Shropshire,J19000001,Shropshire Ceremonial County,J19,Ceremonial County,E12000005,West Midlands,348758.95,498073,4881,5156,5317,5187,5515,5627,5787,5857,5990,5800,5985,5892,5675,5619,5572,5532,5425,5642,5817,4971,4672,5065,5240,5540,5611,5316,5641,5788,5570,5911,5633,5668,5828,5892,5562,5869,5600,5776,5973,5675,5399,5303,5322,5822,5920,6379,6881,7313,7022,7388,7426,7490,7656,7664,7577,7560,7312,7125,6760,6613,6443,6113,6118,6156,6205,6043,6105,5944,5995,6360,6514,6820,5558,5271,5400,4829,4291,3796,3852,3604,3398,3259,2773,2618,2349,2085,1936,1673,1550,1220,4786
GGL116,Slough,E06000039,Slough,E06,Unitary Authority,E12000008,South East,3254.19,149112,2451,2562,2640,2548,2626,2638,2652,2632,2631,2474,2440,2471,2335,2100,1963,1913,1783,1840,1734,1344,1344,1501,1556,1673,1835,1596,1760,1881,2005,2050,2243,2354,2479,2584,2553,2952,2825,2988,2905,2724,2743,2459,2428,2307,2084,2235,2073,1987,1897,1956,1918,1805,1709,1822,1561,1543,1633,1523,1396,1413,1355,1251,1174,1261,1138,1044,1029,983,951,839,796,830,617,596,581,573,536,532,561,476,423,424,395,375,352,320,270,288,202,165,698
GGL117,Somerset,E10000027,Somerset,E10,County,E12000009,South West,345061.4,559399,5401,5593,5901,6011,6098,6256,6479,6524,6475,6448,6468,6348,6266,6159,6072,6251,5856,6094,6275,5087,4592,4861,5222,5327,5739,5397,5795,5758,6010,6219,6151,5964,5925,5975,5697,5891,5744,5993,5834,5856,5547,5533,5732,6089,6411,6775,7419,7729,7781,7933,8159,8346,8489,8541,8561,8431,8265,8301,7797,7767,7694,7504,7138,7163,7421,7385,7511,7569,7517,7750,8195,8727,6719,6600,6394,6109,5368,4561,4592,4429,4255,4016,3589,3315,3106,2823,2533,2361,2169,1821,7447
GGL118,South Ayrshire Council,S12000028,South Ayrshire,S12,Council Area,S92000003,Scotland,122222.8,112550,938,952,1061,1107,1039,1074,1087,1206,1159,1172,1182,1154,1108,1185,1121,1093,1094,1149,1172,1125,1196,1220,1151,1164,1241,1119,1118,1111,1076,1107,1119,1194,1069,1096,1084,1016,1194,1214,1200,1157,1052,1098,1172,1239,1273,1387,1496,1563,1588,1555,1713,1688,1691,1822,1844,1813,1783,1829,1692,1741,1757,1700,1612,1587,1645,1615,1565,1551,1563,1632,1624,1842,1397,1318,1327,1271,1117,999,992,913,944,858,784,736,609,604,507,476,383,311,1248
GGL119,South Gloucestershire,E06000025,South Gloucestershire,E06,Unitary Authority,E12000009,South West,49703.57,282644,3181,3197,3252,3315,3380,3502,3441,3557,3504,3524,3494,3244,3249,3164,3032,2927,2845,3059,3152,3668,3545,3490,3362,3590,3803,3710,3704,3261,3451,3677,3711,3899,3791,3909,3647,3729,3694,3851,3799,3635,3362,3400,3386,3373,3514,3788,3684,4212,3964,4094,4073,4242,4364,4204,4209,4041,3796,3659,3495,3208,3250,3058,2902,2779,2892,2829,2631,2713,2831,2753,3038,3313,2516,2662,2650,2444,2114,1872,1901,1821,1739,1601,1568,1407,1253,1207,1007,957,753,705,2465
GGL120,South Lanarkshire,S12000029,South Lanarkshire,S12,Council Area,S92000003,Scotland,177189.3,319020,3198,3358,3343,3472,3432,3533,3604,3669,3466,3593,3642,3550,3479,3380,3365,3176,3286,3395,3487,3484,3354,3544,3532,3545,3782,3737,3846,3724,3528,3514,3613,3577,3782,3842,3815,3835,4114,4264,4166,3895,3752,3643,3792,3960,4053,4269,4617,4831,4825,4933,5004,5054,4810,5068,5237,5095,4939,4929,4859,4746,4450,4424,4333,4056,4123,3880,3716,3573,3522,3573,3709,3878,2987,2716,2852,2660,2395,2239,2145,1994,1967,1803,1742,1458,1373,1254,1081,983,775,691,2331
GGL121,South Yorkshire,E11000003,South Yorkshire,E11,Metropolitan County,E12000003,Yorkshire and the Humber,155156.43,1402918,15650,16184,16371,16342,16479,17017,17475,17009,17076,17234,17160,16452,16355,15701,15292,14727,14625,14719,15968,20068,21840,22014,20853,20349,20822,21708,21979,21586,20473,19216,19659,18463,18346,18603,17689,17483,17288,17463,17657,16423,15124,14709,15265,15821,16188,17383,18287,19565,19171,19389,19685,19438,19392,19175,18981,18844,18357,17905,17323,16849,16684,15940,15178,14477,14549,14255,13609,13799,13735,14184,14915,15738,12438,12657,12200,10680,9572,8850,9018,8679,8310,7543,7113,6501,5784,5176,4630,4142,3684,2970,11239
GGL122,Southampton,E06000045,Southampton,E06,Unitary Authority,E12000008,South East,4988.08,252796,3058,3117,3157,3271,3163,3194,3247,3184,2943,2907,2873,2697,2543,2388,2379,2246,2189,2276,3005,6477,7417,8080,6328,5492,5538,5909,5450,4891,4811,3998,3766,3641,3720,3800,3391,3573,3498,3501,3398,3082,2893,2827,2898,2699,2790,2833,2660,2835,2717,2573,2712,2798,2841,2965,2848,2838,2727,2506,2432,2410,2516,2221,2097,2029,2025,2005,1817,1874,1896,1861,1901,2049,1656,1677,1449,1420,1267,1130,1094,1110,1041,930,932,804,721,719,690,663,502,496,1804
GGL123,Southend-on-Sea,E06000033,Southend-on-Sea,E06,Unitary Authority,E12000006,East of England,4167.42,182463,2203,2234,2322,2209,2336,2292,2383,2348,2334,2359,2247,2287,2141,2070,1971,1894,1935,1975,1963,1604,1642,1842,1942,1901,2154,1975,2025,2087,2167,2090,2187,2283,2461,2466,2286,2438,2508,2489,2752,2575,2360,2327,2406,2337,2583,2794,2712,2569,2534,2702,2698,2624,2619,2609,2628,2513,2453,2421,2300,2165,2090,1940,1894,1818,1893,1883,1851,1766,1868,1913,2152,2216,1758,1689,1636,1457,1328,1069,1200,1178,1132,990,959,914,825,758,704,638,565,504,2144
GGL124,Staffordshire,E10000028,Staffordshire,E10,County,E12000005,West Midlands,262028.87,875219,8423,8811,8936,8990,9229,9517,9743,10022,9851,9908,10053,9809,9669,9526,9552,9183,9008,9373,9533,9003,9221,9757,9779,9916,10333,10203,10840,11162,10857,10423,10403,10088,9984,10213,9950,10020,10225,10213,10613,9801,9235,9270,9868,10377,10802,11568,12399,13116,12860,13142,13237,13431,13504,13374,13322,12883,12876,12518,11576,11527,11237,10862,10545,10161,10481,10423,9827,10230,10642,10742,11638,12274,9333,9608,9645,8772,7788,6801,6679,6561,6052,5774,5002,4480,4129,3621,3357,2912,2474,2178,7966
GGL125,Stirling,S12000030,Stirling,S12,Council Area,S92000003,Scotland,218696.84,94330,815,802,901,856,920,940,992,975,958,1000,1022,1053,1051,1065,1117,1047,977,1060,1250,1530,1672,1802,1603,1502,1332,1212,1337,1313,1351,1287,1125,1046,979,964,1009,987,1089,947,988,1100,1022,1033,1068,1065,1061,1219,1285,1331,1453,1396,1438,1337,1453,1528,1420,1429,1339,1344,1338,1198,1212,1181,1082,1064,1056,1070,982,1013,984,1002,1054,1232,888,760,874,800,722,664,667,660,554,592,498,498,376,373,357,244,212,206,720
GGL126,Stockton-on-Tees,E06000004,Stockton-on-Tees,E06,Unitary Authority,E12000001,North East,20493.31,197213,2126,2305,2328,2479,2410,2536,2655,2689,2648,2606,2625,2501,2475,2326,2286,2222,2127,2177,2223,2066,1913,2045,2154,2324,2462,2514,2698,2609,2663,2515,2627,2540,2749,2748,2681,2535,2573,2507,2585,2402,2185,2148,2244,2219,2326,2351,2699,2715,2769,2689,2784,2842,2852,2823,2805,2893,2899,2701,2633,2532,2559,2528,2273,2170,2248,2195,2083,2037,2082,2066,2186,2315,1724,1601,1630,1407,1321,1230,1193,1262,1156,1038,983,930,775,747,727,635,520,362,1467
GGL127,Stoke-on-Trent,E06000021,Stoke-on-Trent,E06,Unitary Authority,E12000005,West Midlands,9344.85,255833,3239,3363,3456,3412,3665,3615,3619,3503,3218,3188,3413,3049,3029,2995,2817,2714,2558,2696,2944,3330,3512,3789,3442,3489,3588,3667,3818,3870,3807,3704,3803,3672,3590,3657,3447,3420,3394,3338,3157,3098,2689,2679,2843,2880,2916,3191,3304,3439,3393,3452,3268,3380,3344,3506,3311,3222,3343,3191,3026,2897,2921,2911,2777,2678,2740,2586,2486,2343,2569,2646,2622,2899,2127,2152,2004,2031,1675,1550,1558,1377,1425,1280,1184,1007,911,858,775,676,642,461,1603
GGL128,Suffolk,E10000029,Suffolk,E10,County,E12000006,East of England,379996.96,758556,7605,7820,8475,8257,8467,8816,8892,9247,9009,8908,9055,8838,8653,8384,8551,8056,7818,7901,8298,6900,6412,7198,7599,8218,8468,8261,8598,8789,8830,8990,9154,9043,8935,8930,8514,8495,8958,8811,8879,8529,7718,7928,8061,8456,8826,9478,9780,10498,10385,10860,10608,10988,11049,11091,11159,10758,10422,10464,9750,9710,9838,9620,9151,8953,9381,9250,9101,9253,9519,9887,10632,11915,8904,8409,8312,7512,6850,5807,5926,5922,5636,5201,4766,4539,4045,3674,3373,3096,2835,2345,9354
GGL129,Surrey,E10000030,Surrey,E10,County,E12000008,South East,166251.78,1189934,12975,13487,14386,14534,14692,15106,15855,15809,15751,15206,15552,15046,14691,14035,14028,13598,13321,13833,13919,12854,12146,12477,13183,13426,13188,13020,12928,13343,12990,12895,13182,12472,12835,13248,13722,14296,15283,15804,16653,16562,16251,16264,16396,16944,16845,17315,17654,17993,17221,17359,17620,17954,17901,17847,17749,17222,16559,16020,15068,14376,14121,13259,12790,12324,11824,11726,11453,11311,11610,12181,12785,13914,11062,10243,10413,9656,8290,7380,7661,7654,7189,6856,6643,5972,5595,5161,4904,4463,3800,3315,13490
GGL130,Swansea,W06000011,Swansea,W06,Unitary Authority,W92000004,Wales,37759.64,246466,2422,2417,2612,2550,2577,2738,2882,2715,2676,2639,2764,2646,2623,2550,2618,2572,2588,2600,2917,3977,5152,5111,4592,3816,3909,3726,3717,3608,3663,3312,3083,2875,3015,3126,2896,2904,3000,3016,3046,2762,2593,2646,2630,2778,2836,2996,3044,3133,2996,3215,3144,3142,3207,3396,3218,3011,3203,3074,2970,2844,2971,2878,2692,2687,2701,2703,2569,2485,2655,2695,2872,3111,2233,2255,2167,2106,1880,1698,1670,1632,1564,1422,1389,1297,1141,1039,974,781,765,621,2325
GGL131,Swindon,E06000030,Swindon,E06,Unitary Authority,E12000009,South West,23009.33,221996,2785,2884,2892,2956,2962,3109,3232,3003,2906,2847,2962,2737,2697,2504,2473,2458,2349,2483,2464,2175,2017,2138,2229,2340,2562,2515,2517,2804,2840,2855,3164,3154,2963,3263,3205,3290,3240,3196,3365,3055,2953,2888,2992,3026,3235,3466,3342,3403,3246,3348,3239,3494,3220,3291,3214,3265,3075,2955,2868,2738,2541,2443,2352,2306,2332,2183,2018,1989,2031,1953,2144,2288,1651,1702,1579,1449,1352,1137,1219,1173,1078,963,960,876,784,728,646,658,553,429,1631
GGL132,Thurrock,E06000034,Thurrock,E06,Unitary Authority,E12000006,East of England,16383.71,172525,2544,2623,2738,2696,2594,2626,2692,2659,2492,2484,2624,2438,2273,2246,2126,2004,1961,1942,1969,1754,1561,1804,1897,1911,2028,2090,2169,2256,2354,2495,2475,2622,2756,2689,2740,2501,2708,2760,2549,2614,2457,2358,2511,2496,2377,2394,2472,2582,2393,2495,2368,2535,2455,2370,2254,2181,2067,1978,1850,1819,1664,1597,1574,1491,1535,1524,1395,1424,1445,1417,1522,1696,1239,1080,1058,1006,894,746,784,773,693,691,594,521,499,430,433,383,315,249,977
GGL133,Torbay,E06000027,Torbay,E06,Unitary Authority,E12000009,South West,6288.67,135780,1247,1315,1416,1461,1479,1503,1570,1492,1521,1364,1492,1437,1372,1407,1375,1371,1332,1269,1425,1232,1111,1163,1252,1337,1360,1387,1365,1425,1391,1352,1415,1363,1424,1468,1287,1369,1318,1415,1356,1245,1207,1281,1360,1375,1579,1611,1581,1902,1903,1887,1878,1956,1986,2179,2021,2031,2065,1973,1997,1871,1944,1882,1901,1828,1792,1907,1772,1831,1845,2113,2095,2390,1795,1752,1808,1585,1418,1181,1211,1211,1116,1065,985,906,867,758,709,629,523,454,1981
GGL134,Torfaen Principal Area,W06000020,Torfaen,W06,Unitary Authority,W92000004,Wales,12569.87,93049,976,1042,1061,1029,1099,1131,1126,1162,1166,1131,1103,1081,1125,1110,951,957,983,998,1040,912,956,1093,1013,1133,1277,1138,1195,1317,1242,1260,1186,1156,1167,1253,1153,1112,1073,1084,1135,1086,932,1002,918,972,1043,1121,1138,1281,1260,1411,1296,1316,1341,1435,1320,1361,1359,1329,1211,1237,1235,1108,1085,1028,1125,1096,1070,1095,1081,1094,1139,1230,870,943,851,815,762,695,628,627,589,529,521,472,440,415,367,323,280,173,868
GGL135,Tyne and Wear,E11000007,Tyne and Wear,E11,Metropolitan County,E12000001,North East,54001.43,1136371,11901,12268,12850,12435,12817,12866,13589,13308,13049,12928,12854,12571,12432,11733,11447,11340,11316,11800,12797,16684,18634,18219,17881,16687,16930,16893,17349,17660,16507,16111,15728,15333,15554,14911,14382,14473,13980,14359,14339,13870,12234,11839,12598,12584,12664,13493,14827,15307,14646,14800,14993,15351,15527,16016,15875,16042,15659,15021,14632,14696,14825,13937,13230,12585,12569,12216,11625,11714,11944,11990,12614,13586,9976,9431,9069,8169,7465,6893,7348,7233,7070,6457,5799,5441,4994,4386,4059,3665,3100,2481,8911
GGL136,Vale of Glamorgan,W06000014,Vale of Glamorgan,W06,Unitary Authority,W92000004,Wales,33114.47,132165,1332,1443,1419,1535,1487,1499,1639,1582,1657,1613,1691,1622,1510,1544,1454,1424,1436,1523,1596,1211,1212,1225,1246,1481,1568,1461,1528,1532,1475,1516,1495,1593,1529,1494,1496,1505,1574,1743,1710,1626,1564,1544,1614,1630,1641,1731,1869,1901,1801,1807,1926,1937,1770,1943,1934,1885,1940,1853,1852,1770,1707,1698,1666,1646,1619,1686,1517,1538,1462,1530,1726,1866,1331,1351,1355,1234,1122,970,968,953,898,786,714,633,627,538,478,446,383,354,1225
GGL137,Warrington,E06000007,Warrington,E06,Unitary Authority,E12000002,North West,18062.79,209547,2229,2225,2470,2479,2530,2547,2683,2657,2597,2618,2545,2522,2419,2441,2424,2305,2439,2354,2365,1902,1786,2019,2243,2223,2383,2476,2428,2703,2577,2654,2683,2690,2722,2656,2706,2696,2788,2812,2806,2614,2470,2460,2618,2698,2716,2986,3131,3189,3184,3163,3123,3288,3338,3293,3287,3296,3053,2903,2645,2703,2488,2396,2308,2271,2241,2202,2117,2094,2172,2173,2320,2655,1969,1899,1903,1674,1637,1397,1477,1454,1289,1151,1064,946,858,753,637,584,477,426,1555
GGL138,Warwickshire,E10000031,Warwickshire,E10,County,E12000005,West Midlands,197507.66,571010,6079,6184,6437,6397,6487,6692,6770,6903,6616,6761,6671,6698,6413,6279,6274,6048,6088,6131,6293,5798,6699,6957,6130,6603,6621,6579,7322,7636,7604,6883,6621,6425,6813,6830,6614,6806,6917,7059,7104,6840,6504,6474,6688,6896,7242,7615,7975,8331,8044,8369,8259,8307,8687,8481,8452,8262,7988,7919,7255,7173,6858,6866,6364,6276,6399,6260,6209,6228,6391,6627,6832,7435,6036,6142,6023,5471,4562,4042,3955,3943,3832,3665,3258,2946,2583,2317,2210,2128,1728,1462,5959
GGL139,West Berkshire,E06000037,West Berkshire,E06,Unitary Authority,E12000008,South East,70416.94,158527,1693,1712,1814,1866,1895,1988,2064,2131,2134,1998,2173,2043,1986,1939,2089,2118,1934,2046,2021,1359,1115,1310,1463,1620,1470,1683,1642,1638,1574,1641,1815,1692,1731,1771,1869,1794,1935,1978,1975,1987,1974,2067,2078,2166,2273,2254,2419,2612,2357,2631,2491,2501,2523,2472,2451,2459,2302,2258,2097,2136,2044,1937,1900,1757,1743,1661,1743,1769,1654,1735,1865,2003,1528,1529,1411,1338,1127,1021,1016,938,911,822,769,733,637,572,548,486,427,364,1312
GGL140,West Dunbartonshire Council,S12000039,West Dunbartonshire,S12,Council Area,S92000003,Scotland,15876.57,89130,867,909,963,929,958,1032,1053,1050,1034,1056,1051,1008,955,982,938,920,894,901,952,955,990,1023,1028,1092,1109,1166,1202,1200,1156,1101,1139,1153,1187,1149,1015,1110,1098,1180,999,1040,909,941,1010,959,1008,1126,1132,1258,1241,1393,1372,1399,1459,1462,1476,1476,1372,1408,1316,1320,1345,1227,1261,1172,1117,1031,996,1008,988,964,1077,1008,826,745,729,671,631,575,588,590,485,465,448,387,362,327,304,245,211,193,573
GGL141,West Lothian,S12000040,West Lothian,S12,Council Area,S92000003,Scotland,42774.19,182140,1915,2018,2043,2159,2222,2226,2239,2439,2278,2445,2437,2327,2277,2253,2158,2049,2089,2111,1977,1983,1885,2035,2076,2134,2285,2185,2112,2180,2131,2158,2410,2443,2395,2375,2429,2494,2474,2507,2393,2379,2184,2222,2358,2454,2517,2657,2809,2850,2804,2886,2960,2876,2780,2938,2715,2754,2652,2613,2469,2442,2264,2125,2046,1887,1943,1887,1810,1805,1786,1858,1963,1988,1524,1422,1361,1337,1238,1097,1033,1029,932,800,756,677,599,471,522,400,298,256,961
GGL142,West Midlands,E11000005,West Midlands,E11,Metropolitan County,E12000005,West Midlands,90163.95,2916458,38467,39816,40343,40190,40731,41615,42374,40534,39469,39671,39702,38154,38142,36722,35755,34511,33988,34730,36707,43293,43824,44928,46324,45417,46284,45875,46501,46994,44654,43633,42787,42165,41801,40846,39568,39728,38532,38581,38881,36499,33711,33000,33894,33630,34331,35522,37028,37833,37723,37599,37411,36819,36701,36429,35996,35002,34928,32724,30834,30067,29198,27992,26720,25962,25785,25544,24442,23856,24167,24091,24614,25821,20784,20948,21427,20058,17801,15857,16262,16000,15440,14257,13514,12304,10500,9996,9263,8296,7317,5970,22354
GGL143,West Sussex,E10000032,West Sussex,E10,County,E12000008,South East,199105.15,858852,8578,8988,9591,9735,9929,10044,10673,10474,10568,10413,10411,10002,9810,9315,9266,9061,8767,9047,9073,7571,7254,7687,7954,8073,8422,8411,8620,9069,9113,9303,9466,9250,9627,9721,9753,9981,10674,10787,11003,10948,10301,10048,10189,10602,11169,11375,12064,12475,11928,12502,12561,12847,12593,13016,12817,12425,12074,11902,11171,11226,10959,10381,10221,10034,10017,9887,9692,9745,10173,10667,11326,12592,9730,9296,9040,8723,7337,6382,6838,6556,6436,5921,5530,5210,4735,4300,4048,3864,3415,2993,11087
GGL144,West Yorkshire,E11000006,West Yorkshire,E11,Metropolitan County,E12000003,Yorkshire and the Humber,202925.88,2320214,28803,30129,30658,30877,30776,31377,32029,31037,30991,30427,30091,29217,29208,27704,27115,26374,26063,26393,27486,31673,33049,34197,34413,32656,33016,33522,33487,33031,31388,30795,31765,30928,31179,31502,31104,31036,31099,30811,31254,29435,26945,26493,27506,27547,28143,29571,31071,32602,31451,31189,31233,31310,30866,30845,30761,29774,29183,28149,27237,26554,26103,25142,24122,22529,22968,22547,21628,21725,22060,22347,23430,25234,18364,17707,17431,16206,14047,12724,13345,12608,12534,11670,10613,9740,8788,7705,7104,6204,5531,4593,16940
GGL145,Wiltshire,E06000054,Wiltshire,E06,Unitary Authority,E12000009,South West,325533.8,498064,5003,5196,5618,5625,5865,5961,6174,6367,6460,6257,6272,6138,6026,5823,5946,5785,5588,5588,5697,4344,3733,4278,4538,4777,5071,4811,5358,5432,5350,5808,5854,5625,5692,5654,5823,5772,5738,5829,5967,5837,5449,5425,5815,6032,6435,6929,7394,7319,7457,7457,7436,7760,7782,7659,7639,7423,7334,7145,6820,6703,6480,6149,5857,5815,5833,5892,5626,5637,5741,5962,6432,6763,5277,5205,5089,4591,4137,3579,3643,3511,3291,3034,2888,2745,2340,2230,1977,1910,1614,1366,5357
GGL146,Windsor and Maidenhead,E06000040,Windsor and Maidenhead,E06,Unitary Authority,E12000008,South East,19650.17,150906,1648,1721,1758,1745,1806,1807,1977,1991,2054,2023,1906,2045,2049,1916,2132,1999,2011,2016,1832,1108,1023,1107,1207,1452,1449,1464,1431,1592,1616,1631,1724,1712,1831,1821,1954,2000,2046,2163,2159,2126,2123,2151,2095,2221,2237,2277,2272,2476,2314,2346,2349,2297,2254,2396,2170,2206,2115,2040,1847,1786,1795,1611,1498,1457,1489,1422,1477,1389,1409,1544,1612,1733,1352,1312,1322,1227,1023,899,958,970,909,876,796,765,674,648,599,535,446,443,1692
GGL147,Wokingham,E06000041,Wokingham,E06,Unitary Authority,E12000008,South East,17896.55,167979,1714,1887,2058,2030,2133,2376,2418,2521,2457,2467,2433,2349,2213,2207,2145,2035,2035,2054,1986,1737,1326,1296,1498,1712,1690,1536,1508,1465,1636,1728,1871,1923,1979,1948,1948,2077,2274,2329,2574,2477,2516,2578,2458,2451,2557,2565,2687,2600,2604,2604,2409,2581,2451,2563,2540,2418,2318,2278,2129,1987,2095,1918,1744,1686,1671,1557,1611,1528,1572,1584,1799,1953,1419,1389,1441,1256,1162,1007,992,1001,963,908,852,780,696,630,616,523,457,396,1429
GGL148,Worcestershire,E10000034,Worcestershire,E10,County,E12000005,West Midlands,174051.41,592057,5832,6080,6400,6486,6550,6900,7029,6898,6739,6802,6872,6841,6613,6628,6485,6169,6234,6225,6372,5582,5621,6071,6220,6191,6617,6642,6753,6883,7039,6710,6526,6541,6527,6681,6647,6784,6673,6906,7070,6913,6407,6471,6704,7010,7416,7618,8349,8464,8370,8649,8725,8984,8873,8968,8935,8734,8433,7923,7840,7687,7619,7309,7195,7068,7454,7404,7084,7255,7431,7842,7949,8471,6693,6545,6687,5825,5170,4494,4451,4412,4126,3934,3449,3184,2980,2644,2549,2225,1939,1670,6687
GGL149,Wrexham Principal Area,W06000006,Wrexham,W06,Unitary Authority,W92000004,Wales,50377.39,136126,1506,1570,1521,1618,1593,1705,1706,1839,1800,1750,1716,1687,1675,1607,1505,1453,1437,1512,1522,1239,1249,1315,1451,1424,1535,1604,1591,1748,1709,1717,1788,1720,1690,1838,1713,1765,1726,1889,1700,1621,1441,1509,1545,1574,1693,1837,1958,2058,1930,2008,1929,1946,1931,1996,2015,1932,1861,1780,1721,1625,1703,1626,1642,1540,1613,1584,1477,1536,1535,1606,1655,1784,1347,1313,1266,1201,1089,969,900,869,822,759,713,630,582,545,496,451,353,328,1149
GGL150,York,E06000014,York,E06,Unitary Authority,E12000003,Yorkshire and the Humber,27193.7,209893,1848,1913,2023,1976,2062,2083,2195,2264,2133,2123,2153,2173,2004,2009,1921,1862,1880,1950,2613,5996,6366,5238,4030,3507,4057,3560,3401,3341,3415,2867,2832,2696,2713,2639,2586,2473,2440,2554,2378,2403,2311,2229,2213,2368,2281,2405,2621,2690,2670,2659,2645,2662,2543,2749,2841,2538,2606,2514,2395,2281,2361,2142,2106,2050,2046,2010,1923,1986,2023,2096,2229,2458,1912,1819,1738,1603,1418,1255,1349,1321,1286,1234,1177,1083,912,825,750,698,585,506,2094
